id,client_id,name,created_at,updated_at
2b01b580-622c-49b2-a89e-54efac1187fc,af1fa674-cd58-4ac2-a35e-f75a6fe83acf,Renda Variável,2025-04-03 11:21:41,2025-04-03 11:21:41
4cf69867-e0f8-4ea6-ac52-94782bab656e,4fc97116-618f-489f-be9b-a0509aad0137,Arrojado,2025-02-01 03:27:37,2025-02-01 03:27:37
836de5f9-a12d-4d5c-8115-b3c0222fc343,34353938-b591-4f59-a2c7-e696327099a4,Conservador,2025-12-16 21:51:48,2025-12-16 21:51:48
df25019e-10a9-4b98-b59e-eea11a55c4ed,34353938-b591-4f59-a2c7-e696327099a4,Internacional,2025-12-20 21:51:48,2025-12-20 21:51:48
1f162cb8-5483-4a20-9df8-e7302a49994a,cfcb29bb-d7bb-4136-94be-79b03cbdcd0b,Previdência,2025-03-18 00:54:28,2025-03-18 00:54:28
e435420a-ac28-4567-9c8a-241871643448,cfcb29bb-d7bb-4136-94be-79b03cbdcd0b,Internacional,2025-03-23 00:54:28,2025-03-23 00:54:28
2f2fa877-e97b-40eb-ab5e-faa3e7220726,f615fcec-fa8e-48bc-b396-607c64d023f6,Internacional,2025-03-05 04:56:31,2025-03-05 04:56:31
aa95f462-83de-44e4-aeb2-123156f9fecb,f615fcec-fa8e-48bc-b396-607c64d023f6,Arrojado,2025-03-10 04:56:31,2025-03-10 04:56:31
e7891155-cb47-4c8b-a0f3-72efc0485e04,371c8314-90cf-401f-9511-109ef016a086,Internacional,2025-06-30 19:32:11,2025-06-30 19:32:11
7d859669-a097-4050-a640-7744e428aeec,371c8314-90cf-401f-9511-109ef016a086,Renda Variável,2025-07-05 19:32:11,2025-07-05 19:32:11
4bcd7957-6984-4185-8b44-6190a133bc52,2b0ac229-98f8-4606-8969-8755f475e909,Internacional,2025-05-17 22:15:20,2025-05-17 22:15:20
a0e1db03-e1e9-465c-b726-355cdf6bbfd3,2b0ac229-98f8-4606-8969-8755f475e909,Conservador,2025-05-13 22:15:20,2025-05-13 22:15:20
56ac7d5e-f90b-4639-8375-bc0fdde56bef,007bc005-c063-444c-ab84-65f12d26c9f9,Previdência,2025-02-04 22:23:30,2025-02-04 22:23:30
e483a7be-cca4-490f-acb8-f32625e3350a,007bc005-c063-444c-ab84-65f12d26c9f9,Renda Variável,2025-01-30 22:23:30,2025-01-30 22:23:30
4b53a7e1-99a7-4314-9030-17a160c74478,007bc005-c063-444c-ab84-65f12d26c9f9,Moderado,2025-02-04 22:23:30,2025-02-04 22:23:30
f7701551-2b19-4d6c-94fe-cdc853c414ff,6f7f43af-2d4a-4a79-abd4-ac5c3631af0a,Renda Variável,2025-04-23 23:19:10,2025-04-23 23:19:10
217333a4-c1a4-41bf-9047-828282c96e08,726e952f-0400-45a8-a9a0-ef9c98e08d5c,Conservador,2025-06-27 08:26:06,2025-06-27 08:26:06
78544fb8-cd52-4800-8bcc-16d89a500e4d,726e952f-0400-45a8-a9a0-ef9c98e08d5c,Conservador,2025-06-22 08:26:06,2025-06-22 08:26:06
bda1eb31-d3b4-4d6f-bec9-a8c0baace183,726e952f-0400-45a8-a9a0-ef9c98e08d5c,Internacional,2025-06-23 08:26:06,2025-06-23 08:26:06
ad3fc451-e8cd-469d-8492-1c227f5164b8,aa080032-7b29-47f4-be2f-554ee8288f0a,Previdência,2025-10-31 20:34:57,2025-10-31 20:34:57
4712b799-5996-4517-9152-1cdd5e628276,aa080032-7b29-47f4-be2f-554ee8288f0a,Conservador,2025-11-04 20:34:57,2025-11-04 20:34:57
506219b9-1bc2-4fd0-91c6-23e852c5853d,5268301d-f051-4efa-a4dd-0035175e7475,Internacional,2025-03-30 15:28:59,2025-03-30 15:28:59
92f21439-357e-4012-926e-ce5652fa5ec5,5268301d-f051-4efa-a4dd-0035175e7475,Arrojado,2025-04-04 15:28:59,2025-04-04 15:28:59
a8194cff-6499-4dbd-8b0e-2b32dbee02ee,5268301d-f051-4efa-a4dd-0035175e7475,Previdência,2025-04-02 15:28:59,2025-04-02 15:28:59
c3720241-c8e7-4d44-acd1-a2290dfc4f10,bfca7340-02df-4044-ac0f-9f5c1bfb67c6,Moderado,2025-06-13 11:58:18,2025-06-13 11:58:18
33aad606-6e80-4e62-bbcb-cfb64d38a97d,495aa013-068c-49b3-b678-ab018a89f597,Previdência,2025-10-14 22:27:06,2025-10-14 22:27:06
baca3c9d-f18e-45b8-ac31-ea543220d67a,495aa013-068c-49b3-b678-ab018a89f597,Internacional,2025-10-14 22:27:06,2025-10-14 22:27:06
ae2d637e-788d-4277-969b-79e633beaf11,495aa013-068c-49b3-b678-ab018a89f597,Moderado,2025-10-13 22:27:06,2025-10-13 22:27:06
1d5161d9-6bbd-4b6a-98c4-8456279ed1ae,ba4f52bc-8512-4f06-9f64-11f76929ea26,Internacional,2025-04-10 17:23:25,2025-04-10 17:23:25
550280c1-6fcb-440e-8fde-30ce5648c378,1df3b393-bcbf-491c-b99e-6968a0177524,Renda Variável,2025-11-13 21:45:19,2025-11-13 21:45:19
33f1b027-8226-4de2-8dde-3e906bcbbc3f,46be04c3-e847-46c0-94af-b358c0ffd941,Conservador,2025-07-06 17:38:58,2025-07-06 17:38:58
6bd133bd-63e9-4ee5-bf1d-237475a5b107,46be04c3-e847-46c0-94af-b358c0ffd941,Arrojado,2025-07-02 17:38:58,2025-07-02 17:38:58
98b03f3d-d21a-4834-8487-b5b0afc6617f,cbfa04a7-3b14-43e6-ae0e-973365c6edd7,Moderado,2025-07-11 20:43:40,2025-07-11 20:43:40
c1b5e7ae-b022-4132-a65e-2c8eb439c2cf,cbfa04a7-3b14-43e6-ae0e-973365c6edd7,Arrojado,2025-07-13 20:43:40,2025-07-13 20:43:40
7a9a9616-ffdf-4914-9ac4-1bd15550371d,cbfa04a7-3b14-43e6-ae0e-973365c6edd7,Moderado,2025-07-11 20:43:40,2025-07-11 20:43:40
97dcb5ff-9da7-4051-9147-b4876748533d,452b9705-1468-463d-998c-9414872df41e,Conservador,2025-05-30 21:29:53,2025-05-30 21:29:53
11b54594-2a12-4992-94ea-876dbfc9b4e9,fdd4fa2c-8f22-4366-a717-8daca61e5cbe,Internacional,2025-09-23 13:03:32,2025-09-23 13:03:32
1d4c2904-daca-40aa-9076-05dac0ac379e,fdd4fa2c-8f22-4366-a717-8daca61e5cbe,Conservador,2025-09-28 13:03:32,2025-09-28 13:03:32
056647dd-72d6-4fd0-abc7-22850a87deb3,67d503c2-cf7a-4ceb-a7aa-eec59deed98d,Internacional,2025-07-19 00:43:46,2025-07-19 00:43:46
bcb31268-fc60-429c-932c-a2905b56e207,67d503c2-cf7a-4ceb-a7aa-eec59deed98d,Internacional,2025-07-19 00:43:46,2025-07-19 00:43:46
5675be4a-7147-446c-83b8-779ce69b95f9,67d503c2-cf7a-4ceb-a7aa-eec59deed98d,Renda Variável,2025-07-15 00:43:46,2025-07-15 00:43:46
f7ae56ed-e9f4-4b4c-bf42-bdfc87e7ac82,5732214a-d8e7-4a87-8d41-5f2cccfa56f2,Arrojado,2026-01-17 05:00:24,2026-01-17 05:00:24
9fccc97c-c9c4-44af-8cfd-eec245e28c24,5732214a-d8e7-4a87-8d41-5f2cccfa56f2,Internacional,2026-01-15 05:00:24,2026-01-15 05:00:24
5b76a365-3506-467b-8884-ddc2afc45edd,5732214a-d8e7-4a87-8d41-5f2cccfa56f2,Moderado,2026-01-23 05:00:24,2026-01-23 05:00:24
56eec129-598f-417d-982b-0aa1172f2e1c,008b564a-7020-46ca-a0f3-bcbd0d2fb21a,Moderado,2025-12-03 13:25:51,2025-12-03 13:25:51
e395c613-c6a7-420d-a0c4-251c91169667,008b564a-7020-46ca-a0f3-bcbd0d2fb21a,Moderado,2025-11-26 13:25:51,2025-11-26 13:25:51
efe3e972-a06d-47ec-9e0c-bd3e3238bacc,ba58b63b-c47e-4a75-bae1-03450c0d93b8,Previdência,2025-02-17 09:38:16,2025-02-17 09:38:16
788c9d8e-a2e4-4b56-b7a8-4fe9f72ad3fb,1b62664e-2b8d-4b1a-ac00-af87c0d50fcb,Renda Variável,2025-02-27 18:52:56,2025-02-27 18:52:56
81a1b5f4-3e36-4985-89c2-b9c7b1230fc7,ff32406c-316e-4385-8619-fcbd37985851,Previdência,2025-09-08 17:33:40,2025-09-08 17:33:40
33f0a79d-c424-43ff-844c-bb7ff2a04ba4,ff32406c-316e-4385-8619-fcbd37985851,Moderado,2025-09-11 17:33:40,2025-09-11 17:33:40
daffc302-5f0c-4225-a6ea-bdfcf26e496c,ff32406c-316e-4385-8619-fcbd37985851,Conservador,2025-09-12 17:33:40,2025-09-12 17:33:40
3bac756e-af59-40b1-a7cd-a5eb051b32b5,e9622add-a09a-41a8-96ce-58b35553aea0,Previdência,2025-01-12 05:39:09,2025-01-12 05:39:09
feb70c37-a722-427d-9b92-8fdf0ace2aa8,4c381540-19d2-4200-b26f-4201e74a97ac,Renda Variável,2025-03-02 10:21:46,2025-03-02 10:21:46
7bea051b-a174-4ada-8d55-b166d7ecd392,4c381540-19d2-4200-b26f-4201e74a97ac,Previdência,2025-03-01 10:21:46,2025-03-01 10:21:46
79d6c85f-b2d1-4ddf-9633-78b79de6911a,4c381540-19d2-4200-b26f-4201e74a97ac,Conservador,2025-03-04 10:21:46,2025-03-04 10:21:46
97e088ff-8a46-4323-870b-ed311bee4a49,2c157acd-1dc1-47fb-8280-f353c2bc61df,Internacional,2025-08-26 12:49:27,2025-08-26 12:49:27
7c85acca-ac2a-4ed6-97e2-8bef4e9688a8,b24a490a-1d96-449b-a54f-d387060a05fb,Previdência,2025-10-01 07:45:06,2025-10-01 07:45:06
ae01091e-352b-4bd0-931d-8288ffc2d7f3,e80fe2b7-5878-4f75-85dc-cb711d16a39f,Arrojado,2025-09-25 01:56:40,2025-09-25 01:56:40
004f4ff8-93f0-47c6-bcaa-fb70fff8a8eb,e80fe2b7-5878-4f75-85dc-cb711d16a39f,Renda Variável,2025-09-19 01:56:40,2025-09-19 01:56:40
34538982-72a2-48b1-b0cf-37d82dffe639,e80fe2b7-5878-4f75-85dc-cb711d16a39f,Renda Variável,2025-09-27 01:56:40,2025-09-27 01:56:40
ef479652-6608-472a-a0d2-8c248da73b61,e040ccf7-ff6c-48b1-95dd-03f71f67797f,Previdência,2025-01-30 23:36:47,2025-01-30 23:36:47
8a6795ac-89e2-4eda-b016-03e3cc2b27aa,4496d697-717b-45da-8517-2530c8838bf3,Conservador,2025-06-13 04:06:37,2025-06-13 04:06:37
cd34110f-49b7-4cbb-b018-8ec95a3a3e47,4496d697-717b-45da-8517-2530c8838bf3,Moderado,2025-06-21 04:06:37,2025-06-21 04:06:37
6d1e1e43-b2e7-42c7-94b8-d68efd233a51,4496d697-717b-45da-8517-2530c8838bf3,Moderado,2025-06-17 04:06:37,2025-06-17 04:06:37
1b755c21-43ec-4d3c-908a-3e40cf156f3d,68bbb678-8330-4d54-a725-1ce8aa0fb1e4,Internacional,2025-01-25 06:03:04,2025-01-25 06:03:04
66f0ac6a-2108-47fb-ad46-2662cb87d91f,af059449-2964-4739-b3ff-c6d140eac10f,Renda Variável,2025-06-10 00:18:25,2025-06-10 00:18:25
b52bd276-bb64-4536-96a1-88f23f0a83c7,91008186-abbb-4e69-b1c2-13ae47763037,Arrojado,2025-08-06 19:16:01,2025-08-06 19:16:01
065b84a4-8ab2-43c2-a44f-d6b15c797b42,91008186-abbb-4e69-b1c2-13ae47763037,Internacional,2025-08-08 19:16:01,2025-08-08 19:16:01
87eb7d31-4393-487d-98e3-f8e8044adcad,023fdf0a-1d66-4243-bc76-bee42adef151,Moderado,2025-02-03 17:09:57,2025-02-03 17:09:57
48118de8-90bc-4ff5-93d6-a5a443957c71,023fdf0a-1d66-4243-bc76-bee42adef151,Arrojado,2025-02-09 17:09:57,2025-02-09 17:09:57
2de161e8-4408-44e4-bd46-686aacf08320,023fdf0a-1d66-4243-bc76-bee42adef151,Renda Variável,2025-02-08 17:09:57,2025-02-08 17:09:57
68d1f67f-537e-4a48-9b16-fad87416a4f8,b078499a-5d4b-4c5a-8f7a-07fea3741e64,Internacional,2025-06-05 15:19:30,2025-06-05 15:19:30
e9d89571-602a-4a3d-8aff-751371d6c01e,31f81ca4-1124-4e23-98c6-add81683d482,Renda Variável,2025-09-10 19:48:42,2025-09-10 19:48:42
604b29e5-fb15-4b1b-9d10-1392d434349c,f6612d55-5c68-4246-ac41-a4bcd7264a73,Internacional,2025-11-25 13:41:15,2025-11-25 13:41:15
2653343e-9cf4-4e6f-89cd-af2634c12b66,87df5244-74cb-4479-ae88-f22194ce7aff,Arrojado,2025-12-09 21:41:45,2025-12-09 21:41:45
00596782-71a9-47cd-b266-18e312cd0259,87df5244-74cb-4479-ae88-f22194ce7aff,Conservador,2025-12-09 21:41:45,2025-12-09 21:41:45
422ce446-9afb-481c-9e5d-38ecca9d1b9d,87df5244-74cb-4479-ae88-f22194ce7aff,Conservador,2025-11-30 21:41:45,2025-11-30 21:41:45
45ae679e-0229-4302-b0e2-2ac3ff4b72f3,00d43bcd-b060-4ac3-bd43-66435df0341f,Renda Variável,2025-08-19 10:09:43,2025-08-19 10:09:43
be9f512f-431f-4944-acfa-6004109ab86f,7e54852c-60fa-4d4c-9e72-386a1a1111b2,Moderado,2025-07-20 04:11:44,2025-07-20 04:11:44
73ed4904-a493-4bea-a775-f558e465c948,7e54852c-60fa-4d4c-9e72-386a1a1111b2,Previdência,2025-07-19 04:11:44,2025-07-19 04:11:44
759a93c2-da2a-47bf-a77c-f3bbd9cba352,871220cc-172e-4c7c-974a-7d2ea1d8cd5e,Conservador,2025-05-05 14:55:45,2025-05-05 14:55:45
f5c9befb-d99c-4119-aa50-569c89a05c87,871220cc-172e-4c7c-974a-7d2ea1d8cd5e,Internacional,2025-05-02 14:55:45,2025-05-02 14:55:45
8178fb09-74c8-4f94-a042-5564d35714c7,871220cc-172e-4c7c-974a-7d2ea1d8cd5e,Arrojado,2025-05-03 14:55:45,2025-05-03 14:55:45
41a0fb35-7dec-4d0a-8dc7-95762611be2f,3aefac1d-3e06-43fa-a75b-e30956366760,Previdência,2025-12-25 13:03:54,2025-12-25 13:03:54
c22b1449-f946-4c9c-9cc6-6e5118ae3509,3aefac1d-3e06-43fa-a75b-e30956366760,Internacional,2025-12-24 13:03:54,2025-12-24 13:03:54
7fd2ed41-d2c3-4143-93c6-944c7841bf8f,3aefac1d-3e06-43fa-a75b-e30956366760,Arrojado,2025-12-27 13:03:54,2025-12-27 13:03:54
7aa35250-9b4b-4eb6-9fc4-79ec475a084e,b06fd7d6-41ce-4299-aa95-ab004587e01e,Internacional,2025-12-14 08:25:55,2025-12-14 08:25:55
4268fdf0-d632-46c5-a552-2a137790500c,b06fd7d6-41ce-4299-aa95-ab004587e01e,Moderado,2025-12-13 08:25:55,2025-12-13 08:25:55
a1749345-fc52-40e0-a81d-f2ae78faeb63,895299b2-6781-4868-b475-cc8f78ddf95b,Previdência,2025-03-08 04:23:39,2025-03-08 04:23:39
6d859e32-47fe-4947-9748-e6cc66ac5077,895299b2-6781-4868-b475-cc8f78ddf95b,Moderado,2025-03-09 04:23:39,2025-03-09 04:23:39
ae1d7cf2-7439-452a-b6c3-bd4c8c42831c,621260be-3e0a-4d3e-bde9-16c602653aca,Moderado,2025-05-08 16:29:47,2025-05-08 16:29:47
55db952b-3673-4430-8ead-6b536f2af837,621260be-3e0a-4d3e-bde9-16c602653aca,Internacional,2025-05-04 16:29:47,2025-05-04 16:29:47
725c2a2b-e8d3-4679-911e-3a298ae24aec,62d3bf8e-eeec-4403-9e62-90fd46e5cc9f,Previdência,2025-11-04 12:22:26,2025-11-04 12:22:26
a0641a4f-a75b-4b74-9540-24143733a283,62d3bf8e-eeec-4403-9e62-90fd46e5cc9f,Arrojado,2025-11-01 12:22:26,2025-11-01 12:22:26
3a141ad3-86eb-403d-b59e-5218b4a5753c,042881ad-d66b-44fa-a12f-ee0047b62582,Conservador,2025-06-29 07:08:21,2025-06-29 07:08:21
7515f744-8584-4b29-8ccc-8bb4a8a48354,042881ad-d66b-44fa-a12f-ee0047b62582,Moderado,2025-06-26 07:08:21,2025-06-26 07:08:21
fdd5d4ba-e700-4840-b11b-1d4e2d873f35,042881ad-d66b-44fa-a12f-ee0047b62582,Conservador,2025-06-28 07:08:21,2025-06-28 07:08:21
44ad7d78-af7f-497d-9fd0-06b73e277e9b,dbf211b0-fb9f-4980-a289-cf186e93bb31,Moderado,2025-04-17 03:09:16,2025-04-17 03:09:16
9f14b5c7-a993-499c-99c1-7942ba24b32f,dbf211b0-fb9f-4980-a289-cf186e93bb31,Conservador,2025-04-12 03:09:16,2025-04-12 03:09:16
1b56c573-008f-41f7-b07b-ac4066a80e62,8a9f2fc6-5a5f-4eef-9ee6-dd85a385a2cf,Previdência,2025-05-26 03:40:28,2025-05-26 03:40:28
6dd47257-43d1-4476-8c08-0b8c2eb896b0,0658bced-99d9-4e1b-bbd4-a730f95f7593,Moderado,2025-07-21 22:40:55,2025-07-21 22:40:55
f73aa810-b309-43e0-a0cd-16cd9da5f687,0658bced-99d9-4e1b-bbd4-a730f95f7593,Arrojado,2025-07-17 22:40:55,2025-07-17 22:40:55
dac91f29-2223-4732-a661-19be7e1f05ab,0658bced-99d9-4e1b-bbd4-a730f95f7593,Internacional,2025-07-24 22:40:55,2025-07-24 22:40:55
b74359f7-0dee-4304-b0ec-d8d90975729b,15b2d367-36d8-4b50-92e9-17ec129e1606,Moderado,2025-06-07 20:21:08,2025-06-07 20:21:08
0fe02272-a7bd-4641-8c80-897d5c359252,15b2d367-36d8-4b50-92e9-17ec129e1606,Renda Variável,2025-06-11 20:21:08,2025-06-11 20:21:08
af2e638b-3c55-4885-8570-4e8f2a324131,31e2c592-ca43-4784-9c02-2e700098fac4,Arrojado,2025-10-21 12:42:16,2025-10-21 12:42:16
972b2f5b-d2cc-4baa-8b7c-45aad6bcc31e,31e2c592-ca43-4784-9c02-2e700098fac4,Conservador,2025-10-21 12:42:16,2025-10-21 12:42:16
ff0860e0-d24b-4432-97d2-df1ab2c85ac3,36216a23-9f1b-4419-ae61-237e99afbb90,Renda Variável,2025-10-25 12:13:43,2025-10-25 12:13:43
6ab4aaed-fd72-4c5c-ac49-7959881a30cb,08b2deaa-b80d-4800-920a-35138a1521f9,Moderado,2025-09-30 16:20:50,2025-09-30 16:20:50
7f922237-1370-4b9f-ab0b-ad35bdd76b54,08b2deaa-b80d-4800-920a-35138a1521f9,Arrojado,2025-10-06 16:20:50,2025-10-06 16:20:50
2668ba00-8811-4a30-a742-f899183afe27,0550a0fa-2a53-4c51-b003-98bc7edadfd5,Arrojado,2025-10-09 07:40:27,2025-10-09 07:40:27
2454cb3c-3062-4995-a6a0-e35cf160a2af,6ef1c69f-bd26-49c3-ab9e-1ffff7903158,Internacional,2025-08-06 11:15:19,2025-08-06 11:15:19
30f63caf-4fee-42a7-99fb-dec2e019ac4f,6ef1c69f-bd26-49c3-ab9e-1ffff7903158,Previdência,2025-08-07 11:15:19,2025-08-07 11:15:19
fefa9f7b-ad41-48db-81e5-a1c48859718b,1ed10635-69e7-422c-a2ac-fafb69567223,Conservador,2025-01-31 07:00:24,2025-01-31 07:00:24
0ac0a0ba-b30c-4bfa-98ca-a10ee1562082,1ed10635-69e7-422c-a2ac-fafb69567223,Previdência,2025-01-24 07:00:24,2025-01-24 07:00:24
4f9718bd-21e9-4c29-9fe2-06c9e6ed9a16,30aaa709-400d-4bd2-bfa1-f1cd1865d1fe,Internacional,2025-01-12 21:13:49,2025-01-12 21:13:49
9d147fc0-95cc-484d-b524-5377a3b71e7e,ea9fdfbd-df7b-401e-b691-fd6ca001fd75,Arrojado,2025-01-20 09:26:15,2025-01-20 09:26:15
ea9fac6e-cbd3-4134-91d7-4c2d503c0a8b,ea9fdfbd-df7b-401e-b691-fd6ca001fd75,Previdência,2025-01-14 09:26:15,2025-01-14 09:26:15
23833117-eeae-45e2-9c86-2e15d1477608,7e15d381-6c23-416f-a707-c12da48cebc5,Renda Variável,2025-10-04 00:06:08,2025-10-04 00:06:08
51133789-12a3-41ad-9eda-f26139fd9d09,e6cb3a6f-1337-491b-90be-9eaee961827b,Renda Variável,2025-09-08 02:14:24,2025-09-08 02:14:24
784e8153-4507-4170-8e42-7d7991492975,a968d83b-6686-4bbf-96b7-382fecc93330,Previdência,2025-03-21 01:56:32,2025-03-21 01:56:32
c070fdfe-5662-4027-b4e4-f9a561a81db4,a968d83b-6686-4bbf-96b7-382fecc93330,Previdência,2025-03-28 01:56:32,2025-03-28 01:56:32
266c34c7-646c-488b-94d3-a55d0e0a1ed7,214a8fa3-4a45-42b8-becc-897e01f87b67,Renda Variável,2025-02-16 08:26:19,2025-02-16 08:26:19
b9bc5f00-f3c3-4e62-8af5-1722eeae7af1,214a8fa3-4a45-42b8-becc-897e01f87b67,Renda Variável,2025-02-22 08:26:19,2025-02-22 08:26:19
cf58ce3b-efe4-41ba-8d99-0aa2abe2154f,214a8fa3-4a45-42b8-becc-897e01f87b67,Moderado,2025-02-13 08:26:19,2025-02-13 08:26:19
c90199f0-68ae-441c-9ab5-1fcb3c9954c6,f4e1061a-fb5f-4ba9-b5df-2ddb962c5202,Arrojado,2025-09-28 15:13:08,2025-09-28 15:13:08
b81d9914-35b2-48f9-99ad-f8eaf91dce41,81a7e8e1-6229-4f8d-9f69-c650428390bf,Arrojado,2025-05-06 20:23:47,2025-05-06 20:23:47
34b35ba6-b7dc-4cb9-aa14-19729967b765,81a7e8e1-6229-4f8d-9f69-c650428390bf,Moderado,2025-04-30 20:23:47,2025-04-30 20:23:47
45c37068-9f89-4fb7-bfe7-27ec73972cbb,f5c6d8cc-9eee-4ab1-8285-6cbbd97d6cac,Previdência,2025-07-03 07:06:47,2025-07-03 07:06:47
a1f5422f-6e01-40ab-a75d-356566b5559a,f5c6d8cc-9eee-4ab1-8285-6cbbd97d6cac,Conservador,2025-07-03 07:06:47,2025-07-03 07:06:47
885359c4-29aa-49ca-ad54-f8872ad44379,f5c6d8cc-9eee-4ab1-8285-6cbbd97d6cac,Conservador,2025-06-25 07:06:47,2025-06-25 07:06:47
56b44038-f1af-483d-b04e-39229c13035f,e35bd844-bf1a-4c05-a49c-5e47512f3123,Previdência,2025-03-24 01:50:52,2025-03-24 01:50:52
7e3bf6a6-3771-4cea-b74d-1d97eee69a61,3188fdd0-3029-46d8-b9e8-48dd24590f0d,Moderado,2025-11-21 07:19:10,2025-11-21 07:19:10
2ef32f20-2514-4290-a2a1-af6b73665615,3188fdd0-3029-46d8-b9e8-48dd24590f0d,Renda Variável,2025-11-23 07:19:10,2025-11-23 07:19:10
25856a40-7b86-4782-a0b0-6737dcb816ba,3188fdd0-3029-46d8-b9e8-48dd24590f0d,Arrojado,2025-11-16 07:19:10,2025-11-16 07:19:10
43875a34-01b7-458d-b2e6-74cf081a5ad3,a2365651-4cc2-4b6e-a065-a05638057b18,Moderado,2025-07-30 11:39:20,2025-07-30 11:39:20
32307132-678f-4c2c-9002-895367c1b336,a2365651-4cc2-4b6e-a065-a05638057b18,Renda Variável,2025-07-31 11:39:20,2025-07-31 11:39:20
0cae0129-6377-4518-ad6c-a1db1c95a087,a2365651-4cc2-4b6e-a065-a05638057b18,Renda Variável,2025-07-29 11:39:20,2025-07-29 11:39:20
c14c5cb3-2659-43a6-9645-13dc330960e4,d097e938-f777-466b-8cc7-2ce1176d9ed9,Renda Variável,2025-05-17 21:01:29,2025-05-17 21:01:29
d21a11a3-989a-4697-a5f2-850fe33cd072,d097e938-f777-466b-8cc7-2ce1176d9ed9,Previdência,2025-05-17 21:01:29,2025-05-17 21:01:29
bd37d1b2-229a-4cd9-82c3-b6dd69c998ba,80b3890b-29d5-41e7-bf95-1c3ae6cfd596,Arrojado,2026-01-28 13:00:36,2026-01-28 13:00:36
229f8411-01f5-423d-af9c-c4f4b5dd807d,80b3890b-29d5-41e7-bf95-1c3ae6cfd596,Conservador,2026-01-26 13:00:36,2026-01-26 13:00:36
1341a8dc-cf31-4c91-ad4f-d0b08a36bef3,80b3890b-29d5-41e7-bf95-1c3ae6cfd596,Arrojado,2026-01-24 13:00:36,2026-01-24 13:00:36
b367ed2d-244c-421e-b18e-195663601473,b0bfb24c-c296-469e-aa49-491e7cdfc426,Previdência,2025-01-18 02:43:23,2025-01-18 02:43:23
94621d90-cce9-4da3-9b8c-3e0db1dc8dd7,b0bfb24c-c296-469e-aa49-491e7cdfc426,Arrojado,2025-01-26 02:43:23,2025-01-26 02:43:23
d74c29ca-620c-4026-89d5-b9b754990f24,b0bfb24c-c296-469e-aa49-491e7cdfc426,Conservador,2025-01-27 02:43:23,2025-01-27 02:43:23
d5926c28-df9b-4a2d-873c-0442463ba295,2600eacf-4a33-49b3-819e-5885e89499a0,Arrojado,2026-01-24 22:25:59,2026-01-24 22:25:59
4d66d17c-bed9-4637-a79e-e59cc84e82b8,2600eacf-4a33-49b3-819e-5885e89499a0,Renda Variável,2026-01-27 22:25:59,2026-01-27 22:25:59
4afa3de0-c09e-4cb7-b774-d0c13d8e822d,2600eacf-4a33-49b3-819e-5885e89499a0,Moderado,2026-01-26 22:25:59,2026-01-26 22:25:59
4c99ece9-87b1-431a-b7fd-1bb03c6064cb,a83822b5-798c-4d96-86bb-568d51159cad,Renda Variável,2025-08-12 20:46:08,2025-08-12 20:46:08
2e9aa56d-ccb1-4c02-be4e-a0c1891db4ad,a83822b5-798c-4d96-86bb-568d51159cad,Moderado,2025-08-19 20:46:08,2025-08-19 20:46:08
c5f1b951-4fb3-4849-a1ad-339b7f25bd49,a83822b5-798c-4d96-86bb-568d51159cad,Internacional,2025-08-20 20:46:08,2025-08-20 20:46:08
6fdd6f55-e43a-447d-a27c-11550d235b00,4cf65a98-590d-4554-ace2-e23b4aa8be7a,Previdência,2025-01-10 21:27:26,2025-01-10 21:27:26
2c2ec253-f9b3-4f81-95f8-23fee0a53790,4cf65a98-590d-4554-ace2-e23b4aa8be7a,Internacional,2025-01-03 21:27:26,2025-01-03 21:27:26
ee210db8-c7f1-4c99-8532-25df08b33cce,4cf65a98-590d-4554-ace2-e23b4aa8be7a,Conservador,2025-01-04 21:27:26,2025-01-04 21:27:26
caebf1f5-00ed-42ff-a61f-908c07553f60,a3ffdad5-e872-4eab-a9da-c61eb6d3ce5b,Moderado,2025-06-09 02:36:02,2025-06-09 02:36:02
0a301e30-44b4-4dc5-a47b-bb5a9861e6db,a3ffdad5-e872-4eab-a9da-c61eb6d3ce5b,Previdência,2025-06-08 02:36:02,2025-06-08 02:36:02
83d07c56-32b9-475d-be0d-8d56c4620c01,a3ffdad5-e872-4eab-a9da-c61eb6d3ce5b,Previdência,2025-06-13 02:36:02,2025-06-13 02:36:02
0a90f23f-00cb-4bf3-aac9-bf0b3249b199,98ef3e07-4241-43d6-b2b2-00e84d25e7c6,Internacional,2025-09-05 08:48:08,2025-09-05 08:48:08
817df1c0-8fec-442c-943c-4c680d0631de,d3fbafec-0500-477e-b4f8-e85cffc342b3,Renda Variável,2025-08-21 16:41:37,2025-08-21 16:41:37
2da40f4c-e2c5-4170-a998-f2ee69b42bbf,23d839a8-d51a-4c03-a728-63e6a1ac26bf,Internacional,2025-04-24 00:41:59,2025-04-24 00:41:59
06c437eb-7ed5-4e23-bb78-57c09092c8fd,23d839a8-d51a-4c03-a728-63e6a1ac26bf,Internacional,2025-04-17 00:41:59,2025-04-17 00:41:59
18ffd5f7-08b0-443f-b450-5335c55f8345,23d839a8-d51a-4c03-a728-63e6a1ac26bf,Renda Variável,2025-04-19 00:41:59,2025-04-19 00:41:59
071e160a-dbe8-4661-b898-060edeb37661,fd2b2a55-4736-4c70-823e-b1a1748af1cb,Arrojado,2026-01-24 07:33:27,2026-01-24 07:33:27
daa8827f-633f-49eb-bd55-bb86d9a0f726,a892836e-64ef-4c7c-8fbd-6efe9cd68c19,Renda Variável,2025-06-03 12:44:06,2025-06-03 12:44:06
de7f73e5-1847-41e2-9e65-ec66106569aa,a892836e-64ef-4c7c-8fbd-6efe9cd68c19,Arrojado,2025-06-02 12:44:06,2025-06-02 12:44:06
1ad04e87-d5fe-4f86-88ce-7e9fbf784ae7,a892836e-64ef-4c7c-8fbd-6efe9cd68c19,Previdência,2025-05-29 12:44:06,2025-05-29 12:44:06
7383cce6-bcd2-481d-b382-e15f9e06a70e,dc9d3c57-de84-4def-bef6-e7642cdb550c,Renda Variável,2026-01-25 17:35:42,2026-01-25 17:35:42
dd6a06e2-ec77-432a-afe3-29aac68f89e8,dc9d3c57-de84-4def-bef6-e7642cdb550c,Internacional,2026-01-25 17:35:42,2026-01-25 17:35:42
53e39bfb-27f4-4332-8a6a-241051570ed7,dc9d3c57-de84-4def-bef6-e7642cdb550c,Internacional,2026-01-30 17:35:42,2026-01-30 17:35:42
8ee85615-4fec-4122-8d07-7822ac2267d0,16c2586d-450b-4173-92ec-6666c7086284,Renda Variável,2025-04-26 23:15:06,2025-04-26 23:15:06
728b4e13-1d9b-4337-86d0-13b43d39a9a7,16c2586d-450b-4173-92ec-6666c7086284,Moderado,2025-04-29 23:15:06,2025-04-29 23:15:06
0b20e8e7-c41b-49de-8905-35863f5d475e,16c2586d-450b-4173-92ec-6666c7086284,Arrojado,2025-04-25 23:15:06,2025-04-25 23:15:06
51874d8f-b70e-4abd-9dcf-554d57eeeed0,ec5a8323-5447-4845-aebb-300a0ea21758,Moderado,2025-10-27 03:53:18,2025-10-27 03:53:18
01de2873-4080-455f-b4e9-ff879360c700,ec5a8323-5447-4845-aebb-300a0ea21758,Arrojado,2025-10-27 03:53:18,2025-10-27 03:53:18
f49ee2c0-40da-4b4a-997e-5bb2e749869a,ec5a8323-5447-4845-aebb-300a0ea21758,Internacional,2025-10-26 03:53:18,2025-10-26 03:53:18
a6567fa0-ec9f-4122-b660-8a36a92cb647,734f622f-ab85-48d6-b264-17e33d0f293f,Arrojado,2025-03-25 11:06:46,2025-03-25 11:06:46
f4c24325-46d0-491c-98db-e910b18c62f1,734f622f-ab85-48d6-b264-17e33d0f293f,Arrojado,2025-03-25 11:06:46,2025-03-25 11:06:46
3dfc49f6-fbf1-461c-8640-e6de158b6442,734f622f-ab85-48d6-b264-17e33d0f293f,Internacional,2025-03-26 11:06:46,2025-03-26 11:06:46
1733bbb5-c5a8-4264-9150-639c450dd947,3081bf0f-06a2-4035-b86f-d2c9dd6eb5f3,Conservador,2025-12-05 12:35:01,2025-12-05 12:35:01
1c80bdc7-4e82-45a2-8216-1e3cf47be513,3081bf0f-06a2-4035-b86f-d2c9dd6eb5f3,Internacional,2025-12-10 12:35:01,2025-12-10 12:35:01
6c53e16b-d76e-440b-91c5-6b63ebf0f3e6,d7543a31-7cbc-4f49-864f-fc50e17caf42,Previdência,2025-07-13 01:23:33,2025-07-13 01:23:33
e7612ffe-bc62-4a1b-9284-6e820ca7a178,d7543a31-7cbc-4f49-864f-fc50e17caf42,Moderado,2025-07-12 01:23:33,2025-07-12 01:23:33
e9e81ec6-d0a2-4535-b1b4-84e0562219d5,d7543a31-7cbc-4f49-864f-fc50e17caf42,Conservador,2025-07-11 01:23:33,2025-07-11 01:23:33
17755a60-51ca-4614-a24b-2c2eb0df763c,ed184119-c0f8-4681-9ac8-937fb4702bfe,Arrojado,2025-05-04 16:52:44,2025-05-04 16:52:44
644f83cb-438a-44d3-83a3-3e92c1621932,ed184119-c0f8-4681-9ac8-937fb4702bfe,Internacional,2025-05-10 16:52:44,2025-05-10 16:52:44
93233ed7-25d7-4569-97e5-3ba05b278756,c9859457-3742-4eab-9625-cf6b519e3a7c,Moderado,2026-01-18 07:39:04,2026-01-18 07:39:04
a0b4f040-1e92-4f2b-bf20-bc4c9cfcd61b,c9859457-3742-4eab-9625-cf6b519e3a7c,Renda Variável,2026-01-14 07:39:04,2026-01-14 07:39:04
aa44c843-4f1d-4262-9c16-747265876fc9,ee2ff6d9-034d-4b09-8bf8-3fed62a11b31,Internacional,2025-01-15 06:57:25,2025-01-15 06:57:25
77968982-e8be-42d8-a23d-d85aafd44f12,ee2ff6d9-034d-4b09-8bf8-3fed62a11b31,Moderado,2025-01-11 06:57:25,2025-01-11 06:57:25
e5942c9d-c152-4276-be73-226f5fad106c,3954e7e4-bb70-409a-aa29-1fbef005d2ff,Internacional,2025-07-23 16:01:19,2025-07-23 16:01:19
5ed2ab79-45ca-45f1-8b8b-c0354ed60d64,4ec9e4a1-32d9-45bb-b49f-fbca8217e2f9,Moderado,2025-09-14 18:29:09,2025-09-14 18:29:09
4a5d75fc-fb06-4979-aad2-9ba1c6f68746,4ec9e4a1-32d9-45bb-b49f-fbca8217e2f9,Internacional,2025-09-11 18:29:09,2025-09-11 18:29:09
3a310711-f95a-4b37-914f-f8e6946294fd,4ec9e4a1-32d9-45bb-b49f-fbca8217e2f9,Moderado,2025-09-19 18:29:09,2025-09-19 18:29:09
5404d1a1-6964-4975-9aa8-260d3269cabe,0e99ecd3-a751-4fbf-ab03-eef777a5480c,Conservador,2026-01-13 06:17:40,2026-01-13 06:17:40
a23bd493-0065-4b42-9eb6-e016f2c777e4,0e99ecd3-a751-4fbf-ab03-eef777a5480c,Previdência,2026-01-11 06:17:40,2026-01-11 06:17:40
d51e91e2-e2e6-4265-a42b-1725fa6f9f58,0e99ecd3-a751-4fbf-ab03-eef777a5480c,Internacional,2026-01-15 06:17:40,2026-01-15 06:17:40
7b01524c-2f08-45eb-a9f9-a702e93184be,30f51293-9122-4dc3-8807-6dfd69473818,Internacional,2025-11-04 11:24:10,2025-11-04 11:24:10
fb427e80-c8d1-498d-91ab-b5981c337a39,30f51293-9122-4dc3-8807-6dfd69473818,Conservador,2025-11-05 11:24:10,2025-11-05 11:24:10
bb225d95-ab6e-4226-8cdb-d90d271df7df,aebb31f5-b61c-4b45-8faf-ab209707cbde,Previdência,2025-07-03 14:45:22,2025-07-03 14:45:22
189d22ae-a02a-488d-8709-392f905c9851,aebb31f5-b61c-4b45-8faf-ab209707cbde,Previdência,2025-07-11 14:45:22,2025-07-11 14:45:22
f34b7894-d8d3-4573-99a8-e9df5b6a711e,aebb31f5-b61c-4b45-8faf-ab209707cbde,Internacional,2025-07-08 14:45:22,2025-07-08 14:45:22
8c417c39-5331-4374-9509-a76f0610e170,24935776-8833-4592-981f-69223223fcad,Arrojado,2025-04-05 14:59:49,2025-04-05 14:59:49
e7ffe716-0990-4dce-bd9b-82470fc77822,a47e5059-c7b6-4148-b5bb-571ba4f8c17c,Conservador,2025-12-29 08:31:57,2025-12-29 08:31:57
4bd5b7b9-f7cf-4f6e-b598-b69b54c147e8,a47e5059-c7b6-4148-b5bb-571ba4f8c17c,Internacional,2025-12-20 08:31:57,2025-12-20 08:31:57
8666b145-8303-4b89-acdb-f0c62f19217e,6cc83f40-cbf2-49d0-8e84-4e61ce8bdf69,Renda Variável,2025-01-29 09:52:32,2025-01-29 09:52:32
e1ad5a9d-8f03-4b79-a1f5-99f93f18a1ec,6cc83f40-cbf2-49d0-8e84-4e61ce8bdf69,Moderado,2025-01-26 09:52:32,2025-01-26 09:52:32
a35df4d7-da14-485b-b688-f3947b9d0b62,6cc83f40-cbf2-49d0-8e84-4e61ce8bdf69,Moderado,2025-02-01 09:52:32,2025-02-01 09:52:32
ef7ecacf-8b74-45ba-a31f-38b50bbf4104,783d3bba-9f6b-4a77-906a-a2dc1b3a659a,Previdência,2025-11-12 05:51:39,2025-11-12 05:51:39
1248f691-66a2-4542-a3fa-9b9b52af4957,75501f47-dbba-4e48-ba69-ca5f33394c53,Conservador,2025-04-12 19:23:28,2025-04-12 19:23:28
a48c4cb3-22c1-43b1-b5b7-cfc49452ef99,b7348f19-53f3-44bd-b311-afc7b8043c82,Renda Variável,2025-01-07 04:51:30,2025-01-07 04:51:30
583a0284-95fc-47e6-9f77-3bfd0c34ca55,efd38fe4-fb77-4bf1-bf70-340be7c48d5d,Arrojado,2025-07-05 19:21:59,2025-07-05 19:21:59
efa17e97-1f5e-414d-bc7a-e6f58a236b22,efd38fe4-fb77-4bf1-bf70-340be7c48d5d,Previdência,2025-07-08 19:21:59,2025-07-08 19:21:59
867aa289-4d8a-4f42-82ae-85da4fb33ddb,efd38fe4-fb77-4bf1-bf70-340be7c48d5d,Renda Variável,2025-07-14 19:21:59,2025-07-14 19:21:59
fa4f3cec-fcff-4ade-8d5a-d7c4bacaddcc,ab798a52-f77f-4d7c-bb17-6638b4990633,Moderado,2026-01-12 21:52:05,2026-01-12 21:52:05
5788c2ef-40a0-49ac-b836-ce187b04b841,ab798a52-f77f-4d7c-bb17-6638b4990633,Previdência,2026-01-13 21:52:05,2026-01-13 21:52:05
73ac69c2-bb60-448b-b3da-0ce33fc742b3,ab798a52-f77f-4d7c-bb17-6638b4990633,Moderado,2026-01-09 21:52:05,2026-01-09 21:52:05
3927a831-66ba-47c9-bd3b-8569a6550be4,b9a8a35a-42aa-478e-a938-5d5f32c31e13,Moderado,2025-08-28 06:47:48,2025-08-28 06:47:48
80fd2e3d-5d19-46d1-85a3-0ecc8f05244f,a9d562de-90ce-435f-a2f8-aa2963dc1402,Internacional,2025-09-15 04:35:58,2025-09-15 04:35:58
7bad9fbd-1e5e-4ba3-91ab-5fcd01277f3b,a9d562de-90ce-435f-a2f8-aa2963dc1402,Internacional,2025-09-12 04:35:58,2025-09-12 04:35:58
ea398a96-4842-4cb8-8e2e-633f0d23fe01,a9d562de-90ce-435f-a2f8-aa2963dc1402,Conservador,2025-09-10 04:35:58,2025-09-10 04:35:58
b8565d3d-ba36-43b9-af94-c9f00e736b8f,9133c856-f01a-4f63-9e39-bd71b2418242,Arrojado,2025-08-23 01:17:32,2025-08-23 01:17:32
605fee18-3c3d-4c02-9ec4-474c42e9cc60,9133c856-f01a-4f63-9e39-bd71b2418242,Internacional,2025-08-27 01:17:32,2025-08-27 01:17:32
cbd6b345-a28f-411b-9c08-65ff6ecda9b1,9133c856-f01a-4f63-9e39-bd71b2418242,Moderado,2025-08-21 01:17:32,2025-08-21 01:17:32
4530a2c1-5cac-424c-9eb8-51ba9e2e1281,66cc9390-c529-4896-99f6-1dd4d65a41b4,Previdência,2025-11-28 10:02:38,2025-11-28 10:02:38
0684fd15-87f8-45b9-a754-89c49e2cc257,66cc9390-c529-4896-99f6-1dd4d65a41b4,Renda Variável,2025-11-24 10:02:38,2025-11-24 10:02:38
be89d221-fffa-49a6-af80-b7d0efa24697,66cc9390-c529-4896-99f6-1dd4d65a41b4,Conservador,2025-11-23 10:02:38,2025-11-23 10:02:38
1ec317cc-a3c0-4277-af16-a96d1552af34,d46c6368-cf7a-4469-9afb-8a614f992373,Conservador,2026-01-14 08:59:39,2026-01-14 08:59:39
b2652a5b-ed96-430c-890f-683a3e8c8c1d,d46c6368-cf7a-4469-9afb-8a614f992373,Moderado,2026-01-06 08:59:39,2026-01-06 08:59:39
e25d7567-b667-4e58-a933-7fa51ebbb38f,afaf21a3-4840-4402-a227-3340ff7e2067,Moderado,2025-09-19 01:02:47,2025-09-19 01:02:47
bead20c9-0d07-48f3-ad62-d4317d09b0a8,afaf21a3-4840-4402-a227-3340ff7e2067,Arrojado,2025-09-14 01:02:47,2025-09-14 01:02:47
1c0711f7-7c13-4bd3-a7c2-d88a9e540bb9,863f4e3d-f437-4157-996a-8cca203286bc,Previdência,2025-06-18 05:44:19,2025-06-18 05:44:19
6cad57ba-2851-481a-9f06-ddbb8b138f92,863f4e3d-f437-4157-996a-8cca203286bc,Arrojado,2025-06-19 05:44:19,2025-06-19 05:44:19
4997694e-447e-466c-93e7-4afda28a68d7,104396c1-6f08-44fc-932e-a66c704c0878,Internacional,2025-12-09 07:14:06,2025-12-09 07:14:06
d9a680be-3011-4741-8652-b807618cdd1b,104396c1-6f08-44fc-932e-a66c704c0878,Conservador,2025-12-09 07:14:06,2025-12-09 07:14:06
81ca55c5-bfde-44f7-84e6-a53ac0b94641,522ed611-99ab-436a-84b5-37e12822f165,Arrojado,2025-10-01 22:47:26,2025-10-01 22:47:26
b8424901-256e-449b-851b-3266c06a6c9f,522ed611-99ab-436a-84b5-37e12822f165,Conservador,2025-09-24 22:47:26,2025-09-24 22:47:26
e0939c52-923f-4962-b98f-b6746c608e71,e1de9e13-940e-4b8c-9655-b4f3883b7f09,Previdência,2025-06-18 02:22:03,2025-06-18 02:22:03
db71959a-2d82-4795-a289-64525c9469d6,e1de9e13-940e-4b8c-9655-b4f3883b7f09,Moderado,2025-06-21 02:22:03,2025-06-21 02:22:03
43fc6baf-d4fd-4557-92ae-1e59325e6356,e1de9e13-940e-4b8c-9655-b4f3883b7f09,Internacional,2025-06-23 02:22:03,2025-06-23 02:22:03
42295042-9aaa-4a5a-98e1-665a8ef378dc,6b5ab3f2-0763-4e57-8b26-32750c184665,Internacional,2025-02-14 20:41:58,2025-02-14 20:41:58
7311f711-54de-4983-93f7-6393777b1fd0,6b5ab3f2-0763-4e57-8b26-32750c184665,Internacional,2025-02-11 20:41:58,2025-02-11 20:41:58
11418086-521c-42de-8327-e6d803ea9036,6b5ab3f2-0763-4e57-8b26-32750c184665,Arrojado,2025-02-14 20:41:58,2025-02-14 20:41:58
e6c70162-e7d9-4ea0-86df-589a02f85034,aab6b5b8-83cd-41c3-853e-3d903a0a6adb,Moderado,2025-11-21 16:56:40,2025-11-21 16:56:40
0350bfed-973c-464d-9e24-9af49bc2f0e4,aab6b5b8-83cd-41c3-853e-3d903a0a6adb,Previdência,2025-11-20 16:56:40,2025-11-20 16:56:40
18a794d0-83c6-43a2-b03b-706ef8f04614,aab6b5b8-83cd-41c3-853e-3d903a0a6adb,Previdência,2025-11-20 16:56:40,2025-11-20 16:56:40
ec4ecd15-89d7-47be-83f1-f16d1d4ac5aa,8ea45e21-5596-475e-9ac7-ca060e1821f9,Arrojado,2025-09-06 13:21:15,2025-09-06 13:21:15
a0daaea0-3bb9-41c3-ae12-3e6cf48d7585,8ea45e21-5596-475e-9ac7-ca060e1821f9,Internacional,2025-09-03 13:21:15,2025-09-03 13:21:15
baa0c9dd-ff85-46fb-9427-20aaab114064,8ea45e21-5596-475e-9ac7-ca060e1821f9,Previdência,2025-09-05 13:21:15,2025-09-05 13:21:15
2f69e7fe-e574-494c-a250-755681877eeb,85240e9c-7389-4652-9a30-35b52b5c5b1a,Moderado,2025-08-23 19:41:08,2025-08-23 19:41:08
e0cd2c2c-963d-45d3-b520-4680684df86a,85240e9c-7389-4652-9a30-35b52b5c5b1a,Internacional,2025-08-16 19:41:08,2025-08-16 19:41:08
c38f9ce8-a56c-446e-a7db-fe6abdb5d80b,85240e9c-7389-4652-9a30-35b52b5c5b1a,Conservador,2025-08-22 19:41:08,2025-08-22 19:41:08
e8421969-77cc-4244-a84a-d0db3db3d7db,fc3dc48b-b4df-4b79-b98c-6eb8274fbf02,Renda Variável,2025-10-10 02:09:16,2025-10-10 02:09:16
e35d8f0a-0a0f-4c10-adb3-7ee58461e2d1,fc3dc48b-b4df-4b79-b98c-6eb8274fbf02,Conservador,2025-10-08 02:09:16,2025-10-08 02:09:16
eb501e0e-7905-4f22-a268-cec4c1ed08d0,fc3dc48b-b4df-4b79-b98c-6eb8274fbf02,Conservador,2025-10-12 02:09:16,2025-10-12 02:09:16
f97d840d-7280-4fd0-89cf-83fe1d86ef62,1e14728f-0a78-4719-89c3-b9b19e0e0f50,Renda Variável,2025-11-19 02:59:20,2025-11-19 02:59:20
3c3b1c1b-eb4e-4583-a1f6-c943d4e33a9c,449c629a-d5b4-421e-9182-f99389fe9ffb,Renda Variável,2025-12-15 04:53:51,2025-12-15 04:53:51
d57e5bc0-ee6f-4812-8bc1-7f259f31f11b,e579396e-eeda-4e96-b66a-076ea4c92abd,Arrojado,2025-09-18 16:50:56,2025-09-18 16:50:56
d5445971-aa82-4cd3-9ccf-238ec168295d,4a701e99-2dd8-49cd-95ac-1273addcf231,Conservador,2025-03-28 20:24:55,2025-03-28 20:24:55
ce29774b-660b-42c4-90a9-041cc68035fd,4a701e99-2dd8-49cd-95ac-1273addcf231,Moderado,2025-03-31 20:24:55,2025-03-31 20:24:55
58b7821b-dd6a-48de-a638-1dd77e8fbb9d,4a701e99-2dd8-49cd-95ac-1273addcf231,Previdência,2025-03-30 20:24:55,2025-03-30 20:24:55
22fb5ab8-0ff7-4243-aa8c-b676b0b4075c,5da500bb-5cd7-4b59-ab9d-4b9c8bd3c9d7,Previdência,2025-12-23 16:12:01,2025-12-23 16:12:01
c59cc938-a44f-42d1-8cbb-094df7c45b84,0010d4a9-84be-47d7-9aae-52d6befddc6c,Moderado,2025-02-20 15:07:27,2025-02-20 15:07:27
9bd0f95f-7a11-44a9-b1c3-817caa24f9d2,cbe5670b-e3f7-44d1-ac35-4f90d5499fd9,Previdência,2025-03-18 03:14:55,2025-03-18 03:14:55
c232aabe-3017-4ddd-820f-66f30795c16a,cbe5670b-e3f7-44d1-ac35-4f90d5499fd9,Conservador,2025-03-21 03:14:55,2025-03-21 03:14:55
347e7347-f4c9-4b8a-a48f-9f891f2d5219,cbe5670b-e3f7-44d1-ac35-4f90d5499fd9,Previdência,2025-03-20 03:14:55,2025-03-20 03:14:55
6378762f-15fa-4e3d-9de2-6c8f1f1d581b,c8765bda-f93c-4b95-8968-6ce7c2d099ed,Internacional,2025-09-11 17:41:35,2025-09-11 17:41:35
cf8b0e5d-11b5-4f02-83e6-745ac9b449f5,c8765bda-f93c-4b95-8968-6ce7c2d099ed,Previdência,2025-09-07 17:41:35,2025-09-07 17:41:35
b3f3f106-3b42-45c7-a6a8-d9660a8f94cd,c8765bda-f93c-4b95-8968-6ce7c2d099ed,Conservador,2025-09-11 17:41:35,2025-09-11 17:41:35
92bcd880-831d-450e-922c-4c9862dad4c9,a5e83630-44c9-4b81-8f35-48dd17bfa41b,Renda Variável,2025-02-03 09:39:43,2025-02-03 09:39:43
17209968-0de1-4871-8b51-aecbfe5feea1,a5e83630-44c9-4b81-8f35-48dd17bfa41b,Conservador,2025-02-01 09:39:43,2025-02-01 09:39:43
c22be3ef-2500-43ea-b99b-12ce8fad2b9d,a5e83630-44c9-4b81-8f35-48dd17bfa41b,Arrojado,2025-02-06 09:39:43,2025-02-06 09:39:43
6886e1cb-bf1e-482a-a013-c39780155381,7aac24ff-453e-4c8a-86ce-81fb77f47641,Renda Variável,2025-11-15 12:00:49,2025-11-15 12:00:49
85807cc5-90f4-4451-a223-9d16fa36fb0d,7aac24ff-453e-4c8a-86ce-81fb77f47641,Conservador,2025-11-14 12:00:49,2025-11-14 12:00:49
e6ebd140-236b-413e-8dcd-ce86333d2366,7aac24ff-453e-4c8a-86ce-81fb77f47641,Conservador,2025-11-21 12:00:49,2025-11-21 12:00:49
a64b7aff-1184-48c6-86ac-28a692daaa03,5c339615-1a25-4233-aaab-fe7e5e5c0b42,Moderado,2025-05-03 19:09:43,2025-05-03 19:09:43
6cfdbb9d-3861-4078-aa89-31cb37af578a,5c339615-1a25-4233-aaab-fe7e5e5c0b42,Internacional,2025-04-29 19:09:43,2025-04-29 19:09:43
0bde688e-d2a3-4eed-993e-1a1421c90a29,b5cc59ad-c484-4627-8211-036cfde6f67e,Previdência,2025-10-30 13:48:40,2025-10-30 13:48:40
96a5bb12-c1e7-41a9-a8dc-f920641376cc,b5cc59ad-c484-4627-8211-036cfde6f67e,Previdência,2025-10-25 13:48:40,2025-10-25 13:48:40
99e8ba12-a0e3-48f1-8544-724d81bfcf36,b5cc59ad-c484-4627-8211-036cfde6f67e,Previdência,2025-10-27 13:48:40,2025-10-27 13:48:40
3f3fc2e4-24fc-4922-b0ab-7160764d8999,12fc57ee-4f76-4921-aab4-383798e37950,Internacional,2025-06-17 08:50:26,2025-06-17 08:50:26
f59560eb-4be8-4866-8b3a-266c8b129c3e,12fc57ee-4f76-4921-aab4-383798e37950,Renda Variável,2025-06-26 08:50:26,2025-06-26 08:50:26
76952c72-6892-4393-a5f9-51a58c16aec5,a11bf17c-2542-4b60-bede-5632395a51f4,Arrojado,2025-02-09 07:39:51,2025-02-09 07:39:51
d42d10cc-188d-442c-9a88-e48be087c74b,b93a626c-abd1-439f-9f4f-c4501c554da1,Renda Variável,2025-02-05 22:29:09,2025-02-05 22:29:09
7c0d669d-6bf2-452c-b250-a2b47a35d064,f2020a2c-5b0d-4fe2-8d81-73f388f767f7,Moderado,2026-01-08 07:05:04,2026-01-08 07:05:04
bbdd7dc4-44ea-4853-88b7-c6fc07ec48a5,f2020a2c-5b0d-4fe2-8d81-73f388f767f7,Conservador,2026-01-03 07:05:04,2026-01-03 07:05:04
7974f0ec-0d40-4529-9995-2628b19a7e75,d01d7365-d81b-40a8-9daf-2ec3cf6f7024,Previdência,2025-06-09 02:38:07,2025-06-09 02:38:07
3bba5116-fcb5-452a-8b42-d2aeee21ceee,5c8a213e-849d-4cbf-81e0-5547ffb5faf3,Previdência,2025-03-15 03:32:44,2025-03-15 03:32:44
23f6d81c-303f-4ba1-b3ce-6a8980129c17,5c8a213e-849d-4cbf-81e0-5547ffb5faf3,Previdência,2025-03-15 03:32:44,2025-03-15 03:32:44
ceed626c-ec23-4be2-87f8-ff461d42c702,5c8a213e-849d-4cbf-81e0-5547ffb5faf3,Moderado,2025-03-10 03:32:44,2025-03-10 03:32:44
63827cb6-ebb5-4f8b-bae2-7f01fd82ba96,86de3b6f-ea5d-4ceb-b06c-84bcdb6f0451,Moderado,2025-11-24 06:14:20,2025-11-24 06:14:20
dd800d68-323d-48bd-a173-3c498b67adeb,86de3b6f-ea5d-4ceb-b06c-84bcdb6f0451,Moderado,2025-11-23 06:14:20,2025-11-23 06:14:20
201c212c-869d-4857-8bfb-e212e21ef19e,0c1bac01-5757-49ef-9ceb-8d56055589ac,Conservador,2025-03-19 23:02:35,2025-03-19 23:02:35
1d308597-acfb-478c-8da7-bb2e0350bbc4,0c1bac01-5757-49ef-9ceb-8d56055589ac,Previdência,2025-03-28 23:02:35,2025-03-28 23:02:35
89a96406-5aca-4dd2-982f-22ab6319f4e9,0c1bac01-5757-49ef-9ceb-8d56055589ac,Conservador,2025-03-27 23:02:35,2025-03-27 23:02:35
32c672c2-4e5a-4c88-854f-c9180f779bd3,6e7da7e0-4fbd-4220-a1ef-6de7e4e5580a,Conservador,2025-03-06 12:52:31,2025-03-06 12:52:31
7083a9ae-2dad-4c35-ae6c-df3dc2675b7d,ca68610b-429c-4306-94cd-40d3bbd49f20,Conservador,2025-08-31 21:51:54,2025-08-31 21:51:54
647f6359-8962-4c2c-93f7-aa0701796284,d9c30356-4847-4295-a200-362658943f0c,Internacional,2025-01-22 18:22:37,2025-01-22 18:22:37
e7d4fbca-252d-48e1-9c1c-4ee63242186d,d9c30356-4847-4295-a200-362658943f0c,Moderado,2025-01-13 18:22:37,2025-01-13 18:22:37
89ed62fe-d807-42c3-9fae-137e20b5ab58,68e598c7-0bcf-45fa-bce5-7e21ec4cd534,Previdência,2025-11-20 13:22:58,2025-11-20 13:22:58
0307262f-8068-45ab-a46a-529a9311956b,68e598c7-0bcf-45fa-bce5-7e21ec4cd534,Moderado,2025-11-27 13:22:58,2025-11-27 13:22:58
352b058c-8b82-41ef-b7a6-aea1f275b4aa,68e598c7-0bcf-45fa-bce5-7e21ec4cd534,Moderado,2025-11-28 13:22:58,2025-11-28 13:22:58
9493c145-9a53-4498-a23a-bc547ee84d35,eb0545f0-4048-4899-89ef-f790b80ca9e3,Renda Variável,2025-11-02 06:35:06,2025-11-02 06:35:06
523b10e0-dcb0-44b9-8fdb-7b62bf84d0a6,2801da5c-ea1b-4d0b-9145-3f28a901393f,Internacional,2025-09-19 06:35:46,2025-09-19 06:35:46
294ea66c-871e-49c5-be2a-1a816cdaf110,2801da5c-ea1b-4d0b-9145-3f28a901393f,Arrojado,2025-09-25 06:35:46,2025-09-25 06:35:46
1c25e0d7-35db-4276-bdad-9736b8548fde,a6e7a7c6-b9f2-46eb-a0b4-f57ad2779e09,Internacional,2025-12-31 11:45:56,2025-12-31 11:45:56
6fb0bd60-3fae-422d-9257-1be06b3651e7,a6e7a7c6-b9f2-46eb-a0b4-f57ad2779e09,Moderado,2025-12-27 11:45:56,2025-12-27 11:45:56
68058798-6305-46d5-9d21-45763e9410dc,a6e7a7c6-b9f2-46eb-a0b4-f57ad2779e09,Moderado,2025-12-26 11:45:56,2025-12-26 11:45:56
15c285c4-a90e-4274-b1b6-f1b29fc200d9,3c60c19f-58cb-4a4c-8691-145cabd49a45,Moderado,2026-01-11 16:48:40,2026-01-11 16:48:40
13b96a79-71cd-445c-8ef8-4764837dd3d7,3c60c19f-58cb-4a4c-8691-145cabd49a45,Arrojado,2026-01-09 16:48:40,2026-01-09 16:48:40
b3109eaf-7820-4eda-9a9a-6e2c6832fcbc,3c60c19f-58cb-4a4c-8691-145cabd49a45,Conservador,2026-01-07 16:48:40,2026-01-07 16:48:40
dbbd9a09-5a03-442e-8272-1d6a0f83c75e,013d2d8c-21e6-4763-af27-ffbb49a17cb7,Internacional,2025-11-16 16:56:46,2025-11-16 16:56:46
dab93658-ce02-48e9-aa9b-173ab8fb9496,013d2d8c-21e6-4763-af27-ffbb49a17cb7,Internacional,2025-11-09 16:56:46,2025-11-09 16:56:46
cfee10a4-4feb-444d-bad8-afd98d7a4351,013d2d8c-21e6-4763-af27-ffbb49a17cb7,Previdência,2025-11-17 16:56:46,2025-11-17 16:56:46
