id,name,email,cpf,phone,city,state,created_at,updated_at
af1fa674-cd58-4ac2-a35e-f75a6fe83acf,Brenda Alves,samuel32@example.net,043.321.819-60,+55 51 8196 0013,Montenegro,RN,2025-03-28 11:21:41,2025-03-28 11:21:41
4fc97116-618f-489f-be9b-a0509aad0137,Gael Henrique Silva,ccamara@example.net,133.890.838-63,+55 84 0265-4235,Borges,MG,2025-01-24 03:27:37,2025-01-24 03:27:37
34353938-b591-4f59-a2c7-e696327099a4,Luiz Henrique Ferreira,caio78@example.org,940.265.423-51,41 1849 5931,Ribeiro,ES,2025-12-15 21:51:48,2025-12-15 21:51:48
cfcb29bb-d7bb-4136-94be-79b03cbdcd0b,Bruno da Conceição,garciaagatha@example.com,615.594.078-16,21 2553 4192,Castro,PB,2025-03-14 00:54:28,2025-03-14 00:54:28
f615fcec-fa8e-48bc-b396-607c64d023f6,Júlia Porto,ayllavargas@example.org,849.593.103-41,+55 31 0564-1395,Rezende,PR,2025-03-03 04:56:31,2025-03-03 04:56:31
371c8314-90cf-401f-9511-109ef016a086,Natália Casa Grande,joao-lucas38@example.net,164.752.553-41,+55 71 9696-5328,Borges de Sá,AL,2025-06-30 19:32:11,2025-06-30 19:32:11
2b0ac229-98f8-4606-8969-8755f475e909,Eduardo Pires,laviniapeixoto@example.org,832.764.835-03,51 6978 4801,Vargas Alegre,AM,2025-05-13 22:15:20,2025-05-13 22:15:20
007bc005-c063-444c-ab84-65f12d26c9f9,Pedro Henrique Castro,uabreu@example.net,564.139.537-67,+55 71 8281-4893,Freitas,SP,2025-01-25 22:23:30,2025-01-25 22:23:30
6f7f43af-2d4a-4a79-abd4-ac5c3631af0a,Vitor Hugo Vasconcelos,peixotoayla@example.com,423.884.969-65,+55 (031) 1543 0391,Siqueira,PR,2025-04-21 23:19:10,2025-04-21 23:19:10
726e952f-0400-45a8-a9a0-ef9c98e08d5c,Vitor Vargas,jose-miguelribeiro@example.com,287.101.226-91,81 2489-6383,Guerra da Praia,PB,2025-06-20 08:26:06,2025-06-20 08:26:06
aa080032-7b29-47f4-be2f-554ee8288f0a,Milena Campos,raelazevedo@example.com,697.848.018-45,+55 (031) 9839 3010,Azevedo,AL,2025-10-26 20:34:57,2025-10-26 20:34:57
5268301d-f051-4efa-a4dd-0035175e7475,Sr. Théo da Costa,maria-vitoria38@example.org,462.704.828-14,0500 973 7631,Ribeiro,PA,2025-03-28 15:28:59,2025-03-28 15:28:59
bfca7340-02df-4044-ac0f-9f5c1bfb67c6,Dr. Noah Martins,rochagael-henrique@example.org,252.880.957-01,71 5133 3872,Cirino Paulista,PB,2025-06-04 11:58:18,2025-06-04 11:58:18
495aa013-068c-49b3-b678-ab018a89f597,Breno Macedo,aragaovalentina@example.org,430.391.171-82,+55 31 3267 7360,Garcia,AC,2025-10-09 22:27:06,2025-10-09 22:27:06
ba4f52bc-8512-4f06-9f64-11f76929ea26,Julia Viana,bda-paz@example.net,782.489.638-34,84 7234-3098,Souza,MT,2025-04-10 17:23:25,2025-04-10 17:23:25
1df3b393-bcbf-491c-b99e-6968a0177524,Benicio Pacheco,hmontenegro@example.org,578.713.315-09,+55 (081) 8121 9136,Nunes,ES,2025-11-06 21:45:19,2025-11-06 21:45:19
46be04c3-e847-46c0-94af-b358c0ffd941,Ana Cecília Pinto,leaorebeca@example.com,930.103.105-18,+55 71 3534-6247,Sá de Minas,AC,2025-06-28 17:38:58,2025-06-28 17:38:58
cbfa04a7-3b14-43e6-ae0e-973365c6edd7,Beatriz Barbosa,nataliada-luz@example.org,473.829.973-76,(084) 1354 2784,Rios,TO,2025-07-04 20:43:40,2025-07-04 20:43:40
452b9705-1468-463d-998c-9414872df41e,Letícia Ribeiro,carvalhovinicius@example.org,116.566.701-06,+55 51 8244 9353,Montenegro do Amparo,GO,2025-05-28 21:29:53,2025-05-28 21:29:53
fdd4fa2c-8f22-4366-a717-8daca61e5cbe,Caleb Porto,cda-mota@example.org,133.387.262-47,(071) 2427 8680,Barbosa,RR,2025-09-21 13:03:32,2025-09-21 13:03:32
67d503c2-cf7a-4ceb-a7aa-eec59deed98d,Yago Andrade,juan62@example.org,178.108.013-26,(041) 5053 3158,Pinto Grande,ES,2025-07-14 00:43:46,2025-07-14 00:43:46
5732214a-d8e7-4a87-8d41-5f2cccfa56f2,Felipe Jesus,cavalcantibrenda@example.com,736.026.064-74,+55 51 4216 0733,Ferreira de das Neves,TO,2026-01-13 05:00:24,2026-01-13 05:00:24
008b564a-7020-46ca-a0f3-bcbd0d2fb21a,Henry Gabriel Alves,isabellyfarias@example.com,872.343.098-05,+55 (084) 4586 8501,Cavalcanti Verde,GO,2025-11-25 13:25:51,2025-11-25 13:25:51
ba58b63b-c47e-4a75-bae1-03450c0d93b8,Cauê Peixoto,uferreira@example.com,097.882.081-21,(021) 9816-9340,Abreu do Galho,SE,2025-02-14 09:38:16,2025-02-14 09:38:16
1b62664e-2b8d-4b1a-ac00-af87c0d50fcb,Fernanda Fonseca,qazevedo@example.com,361.939.909-16,0900-514-8465,Sampaio da Mata,PI,2025-02-22 18:52:56,2025-02-22 18:52:56
ff32406c-316e-4385-8619-fcbd37985851,Gael Leão,vrocha@example.org,435.346.247-51,0800-946-8044,Lopes,SE,2025-09-03 17:33:40,2025-09-03 17:33:40
e9622add-a09a-41a8-96ce-58b35553aea0,Luna Martins,rmacedo@example.org,799.118.384-25,31 7214-8951,Rocha,MA,2025-01-08 05:39:09,2025-01-08 05:39:09
4c381540-19d2-4200-b26f-4201e74a97ac,Gael Henrique Casa Grande,aparecidasamuel@example.com,354.278.498-08,0800-176-9367,da Cruz Grande,RS,2025-02-23 10:21:46,2025-02-23 10:21:46
2c157acd-1dc1-47fb-8280-f353c2bc61df,Srta. Bianca Vasconcelos,lcamara@example.net,124.118.244-93,41 7083-1727,Sá dos Dourados,RN,2025-08-21 12:49:27,2025-08-21 12:49:27
b24a490a-1d96-449b-a54f-d387060a05fb,Dra. Mariane Novaes,vcastro@example.com,348.740.164-00,(041) 4348-7347,Silva,MA,2025-09-24 07:45:06,2025-09-24 07:45:06
e80fe2b7-5878-4f75-85dc-cb711d16a39f,João Gabriel Farias,valentina12@example.org,242.786.801-12,+55 31 6231-6658,Leão de Araújo,DF,2025-09-17 01:56:40,2025-09-17 01:56:40
e040ccf7-ff6c-48b1-95dd-03f71f67797f,Maria Julia Vargas,teixeiragabrielly@example.com,598.262.045-05,+55 (011) 5466 8893,Câmara de da Mata,PA,2025-01-28 23:36:47,2025-01-28 23:36:47
4496d697-717b-45da-8517-2530c8838bf3,Ana Gomes,jade27@example.org,315.869.232-26,0900-806-9901,Carvalho dos Dourados,CE,2025-06-13 04:06:37,2025-06-13 04:06:37
68bbb678-8330-4d54-a725-1ce8aa0fb1e4,José Pedro Garcia,otavio75@example.com,256.342.160-73,41 4641 7080,Câmara de Minas,SP,2025-01-20 06:03:04,2025-01-20 06:03:04
af059449-2964-4739-b3ff-c6d140eac10f,Ana Cecília Sá,da-cruzmurilo@example.org,754.330.365-41,0900-232-7193,Sampaio de da Cunha,SP,2025-06-05 00:18:25,2025-06-05 00:18:25
91008186-abbb-4e69-b1c2-13ae47763037,Sr. Danilo Vasconcelos,ana-liviacaldeira@example.net,586.850.142-94,+55 (041) 4966 3193,Sampaio,SP,2025-08-05 19:16:01,2025-08-05 19:16:01
023fdf0a-1d66-4243-bc76-bee42adef151,Dante Vieira,ferreirasophia@example.com,196.556.981-69,31 1850 6716,Porto dos Dourados,RR,2025-01-30 17:09:57,2025-01-30 17:09:57
b078499a-5d4b-4c5a-8f7a-07fea3741e64,Pedro Henrique Cavalcanti,stephany77@example.com,406.088.356-15,0900 453 1473,Nunes de Pimenta,RO,2025-05-28 15:19:30,2025-05-28 15:19:30
31f81ca4-1124-4e23-98c6-add81683d482,Maitê Alves,lduarte@example.com,148.465.648-23,+55 11 5454-9480,Barros,ES,2025-09-01 19:48:42,2025-09-01 19:48:42
f6612d55-5c68-4246-ac41-a4bcd7264a73,Sra. Rebeca Novais,maria-lauraramos@example.net,629.946.804-43,(084) 7014-3634,Melo da Prata,PE,2025-11-23 13:41:15,2025-11-23 13:41:15
87df5244-74cb-4479-ae88-f22194ce7aff,Dr. Yan Farias,maria44@example.com,995.777.387-21,+55 31 1351-8233,da Mota de Silveira,RJ,2025-11-30 21:41:45,2025-11-30 21:41:45
00d43bcd-b060-4ac3-bd43-66435df0341f,Larissa Brito,ana-carolinada-conceicao@example.com,895.134.332-00,+55 (051) 4082-4008,Sampaio Grande,RS,2025-08-09 10:09:43,2025-08-09 10:09:43
7e54852c-60fa-4d4c-9e72-386a1a1111b2,Bella Albuquerque,maria-isis77@example.com,791.769.367-63,+55 (061) 0471-1671,Cassiano,BA,2025-07-10 04:11:44,2025-07-10 04:11:44
871220cc-172e-4c7c-974a-7d2ea1d8cd5e,Liz Barros,isaacnovais@example.com,016.328.708-31,0500-993-8677,Pastor das Pedras,MA,2025-04-25 14:55:45,2025-04-25 14:55:45
3aefac1d-3e06-43fa-a75b-e30956366760,Ana Liz Pimenta,teixeiraoliver@example.net,278.895.798-68,+55 11 4123-2812,Jesus,PB,2025-12-21 13:03:54,2025-12-21 13:03:54
b06fd7d6-41ce-4299-aa95-ab004587e01e,Dra. Olivia da Rocha,da-conceicaoalicia@example.net,277.434.873-47,(011) 7134 9361,Ramos,BA,2025-12-13 08:25:55,2025-12-13 08:25:55
895299b2-6781-4868-b475-cc8f78ddf95b,Diego Barbosa,cavalcanteana-liz@example.net,434.558.122-36,0300 471 7464,Macedo de Barros,RN,2025-03-02 04:23:39,2025-03-02 04:23:39
621260be-3e0a-4d3e-bde9-16c602653aca,Pedro Sousa,theodoro01@example.org,316.658.760-36,0500 904 9027,da Mota de Cirino,RJ,2025-04-29 16:29:47,2025-04-29 16:29:47
62d3bf8e-eeec-4403-9e62-90fd46e5cc9f,Rebeca Borges,aferreira@example.com,909.670.546-68,(061) 1256 7468,Marques,AP,2025-10-30 12:22:26,2025-10-30 12:22:26
042881ad-d66b-44fa-a12f-ee0047b62582,Dr. Lorenzo Camargo,amoraes@example.net,734.670.656-27,71 7603-8597,Teixeira de Aragão,DF,2025-06-21 07:08:21,2025-06-21 07:08:21
dbf211b0-fb9f-4980-a289-cf186e93bb31,Yan Cardoso,luna71@example.org,980.699.016-27,0500-324-8086,Câmara,TO,2025-04-10 03:09:16,2025-04-10 03:09:16
8a9f2fc6-5a5f-4eef-9ee6-dd85a385a2cf,Ravi Campos,melinasilva@example.com,046.537.556-46,31 4677-3782,Correia do Galho,SC,2025-05-22 03:40:28,2025-05-22 03:40:28
0658bced-99d9-4e1b-bbd4-a730f95f7593,Bernardo da Mota,yfernandes@example.net,170.805.310-03,+55 81 0449-9727,Ferreira de Farias,PI,2025-07-15 22:40:55,2025-07-15 22:40:55
15b2d367-36d8-4b50-92e9-17ec129e1606,Maria Flor Marques,marcos-vinicius39@example.com,092.327.193-74,+55 31 6057-6627,Cardoso,PE,2025-06-04 20:21:08,2025-06-04 20:21:08
31e2c592-ca43-4784-9c02-2e700098fac4,Luísa Brito,hbrito@example.com,299.124.190-49,+55 (021) 2621 7459,Rezende de Minas,MT,2025-10-14 12:42:16,2025-10-14 12:42:16
36216a23-9f1b-4419-ae61-237e99afbb90,Yasmin Garcia,mariah80@example.net,631.931.491-90,+55 (084) 3431 6117,Sales,MA,2025-10-19 12:13:43,2025-10-19 12:13:43
08b2deaa-b80d-4800-920a-35138a1521f9,Augusto Duarte,da-rochaelisa@example.com,865.185.067-16,(021) 2386-9222,Pimenta,MG,2025-09-27 16:20:50,2025-09-27 16:20:50
0550a0fa-2a53-4c51-b003-98bc7edadfd5,Isabella Monteiro,ravimartins@example.net,726.284.987-76,+55 61 7407-4821,Ferreira de Pastor,MA,2025-10-09 07:40:27,2025-10-09 07:40:27
6ef1c69f-bd26-49c3-ab9e-1ffff7903158,Mariana Sales,maria-alice43@example.com,531.473.799-65,(081) 1369-5944,Ribeiro,MG,2025-07-28 11:15:19,2025-07-28 11:15:19
1ed10635-69e7-422c-a2ac-fafb69567223,Anthony Nunes,pereiramaysa@example.com,752.735.454-94,+55 31 9533-9421,das Neves,SE,2025-01-23 07:00:24,2025-01-23 07:00:24
30aaa709-400d-4bd2-bfa1-f1cd1865d1fe,Ana Beatriz Pacheco,joao14@example.com,831.367.837-77,84 2328 5884,da Cunha,TO,2025-01-08 21:13:49,2025-01-08 21:13:49
ea9fdfbd-df7b-401e-b691-fd6ca001fd75,Laís Souza,ian71@example.org,143.634.957-88,+55 21 6851-6048,Marques,MS,2025-01-14 09:26:15,2025-01-14 09:26:15
7e15d381-6c23-416f-a707-c12da48cebc5,Julia Pacheco,xporto@example.org,685.574.443-13,+55 31 7098-5931,Sampaio de da Rosa,RS,2025-09-25 00:06:08,2025-09-25 00:06:08
e6cb3a6f-1337-491b-90be-9eaee961827b,Bruna Carvalho,andradeana-julia@example.com,182.337.498-94,+55 61 1382 6758,Pastor Grande,PA,2025-09-03 02:14:24,2025-09-03 02:14:24
a968d83b-6686-4bbf-96b7-382fecc93330,Beatriz Mendonça,cda-mota@example.net,343.524.082-40,31 3773 5158,Araújo das Flores,GO,2025-03-20 01:56:32,2025-03-20 01:56:32
214a8fa3-4a45-42b8-becc-897e01f87b67,Davi Marques,ribeirootavio@example.net,842.710.947-77,0300-005-3293,Teixeira,PI,2025-02-12 08:26:19,2025-02-12 08:26:19
f4e1061a-fb5f-4ba9-b5df-2ddb962c5202,Henrique da Conceição,juan90@example.com,204.711.671-90,+55 (011) 2842-1020,Vieira de Goiás,RJ,2025-09-22 15:13:08,2025-09-22 15:13:08
81a7e8e1-6229-4f8d-9f69-c650428390bf,Sr. Erick da Luz,cardosolaura@example.net,294.131.869-99,+55 61 1775 8917,Pimenta,AL,2025-04-28 20:23:47,2025-04-28 20:23:47
f5c6d8cc-9eee-4ab1-8285-6cbbd97d6cac,Dra. Stephany da Rosa,bramos@example.org,867.749.649-90,(081) 6617-7115,Azevedo,BA,2025-06-25 07:06:47,2025-06-25 07:06:47
e35bd844-bf1a-4c05-a49c-5e47512f3123,Yan Silva,giovanna98@example.com,334.123.281-20,(051) 8961-1836,da Conceição de Jesus,MT,2025-03-19 01:50:52,2025-03-19 01:50:52
3188fdd0-3029-46d8-b9e8-48dd24590f0d,Maria Liz Leão,diasleticia@example.com,797.403.447-13,+55 61 5271-1116,Souza,SC,2025-11-14 07:19:10,2025-11-14 07:19:10
a2365651-4cc2-4b6e-a065-a05638057b18,Sr. Bento Pastor,joaquim65@example.net,936.183.242-10,(011) 0494-5198,Cassiano,RO,2025-07-25 11:39:20,2025-07-25 11:39:20
d097e938-f777-466b-8cc7-2ce1176d9ed9,Heloisa Caldeira,emilly14@example.net,499.471.746-48,+55 21 6899-8094,Cirino,GO,2025-05-09 21:01:29,2025-05-09 21:01:29
80b3890b-29d5-41e7-bf95-1c3ae6cfd596,Sra. Maitê Ferreira,cirinojoao-pedro@example.net,719.065.940-13,71 1201 8366,Fernandes de Castro,MS,2026-01-19 13:00:36,2026-01-19 13:00:36
b0bfb24c-c296-469e-aa49-491e7cdfc426,Luan Vasconcelos,aragaoleonardo@example.org,490.278.742-96,0900-014-7679,Leão de da Mata,DF,2025-01-17 02:43:23,2025-01-17 02:43:23
2600eacf-4a33-49b3-819e-5885e89499a0,Bruna Ferreira,scamargo@example.net,175.655.125-67,0900 784 0369,Abreu,DF,2026-01-17 22:25:59,2026-01-17 22:25:59
a83822b5-798c-4d96-86bb-568d51159cad,Heitor Vargas,thomasda-rocha@example.com,680.715.451-68,+55 71 0762 2683,Barbosa das Flores,SC,2025-08-12 20:46:08,2025-08-12 20:46:08
4cf65a98-590d-4554-ace2-e23b4aa8be7a,Pedro Henrique Almeida,ubarbosa@example.net,876.038.597-70,(011) 9664-1605,Pinto,PB,2025-01-01 21:27:26,2025-01-01 21:27:26
a3ffdad5-e872-4eab-a9da-c61eb6d3ce5b,Sra. Aurora Lopes,da-cruzluiza@example.net,482.477.109-32,71 8164 5352,Moraes,RS,2025-06-08 02:36:02,2025-06-08 02:36:02
98ef3e07-4241-43d6-b2b2-00e84d25e7c6,Vinícius Moraes,ceciliaferreira@example.net,808.613.171-27,+55 (011) 3124-3292,Cavalcanti,SP,2025-08-30 08:48:08,2025-08-30 08:48:08
d3fbafec-0500-477e-b4f8-e85cffc342b3,Sabrina Martins,krodrigues@example.net,846.773.782-63,0900-552-7177,Vieira Paulista,RJ,2025-08-15 16:41:37,2025-08-15 16:41:37
23d839a8-d51a-4c03-a728-63e6a1ac26bf,Luiz Gustavo Montenegro,das-nevesmaria-eduarda@example.com,146.584.044-99,+55 (051) 0541 1998,Martins Verde,PI,2025-04-17 00:41:59,2025-04-17 00:41:59
fd2b2a55-4736-4c70-823e-b1a1748af1cb,Srta. Milena Oliveira,aurorapereira@example.com,278.755.886-75,21 2071-5182,da Cruz,RR,2026-01-16 07:33:27,2026-01-16 07:33:27
a892836e-64ef-4c7c-8fbd-6efe9cd68c19,Maysa Moura,emanuellafreitas@example.com,396.360.576-62,51 6590 5151,da Paz Paulista,SC,2025-05-27 12:44:06,2025-05-27 12:44:06
dc9d3c57-de84-4def-bef6-e7642cdb550c,Clarice Farias,pachecojoao-miguel@example.com,028.951.718-70,(041) 6291 4865,Rios,RR,2026-01-20 17:35:42,2026-01-20 17:35:42
16c2586d-450b-4173-92ec-6666c7086284,Dra. Valentina Borges,xmoraes@example.org,621.745.961-58,21 4235 7332,Barbosa,MA,2025-04-22 23:15:06,2025-04-22 23:15:06
ec5a8323-5447-4845-aebb-300a0ea21758,Thiago Vargas,ribeirobarbara@example.net,578.091.343-16,+55 81 9622 2927,Jesus,MS,2025-10-23 03:53:18,2025-10-23 03:53:18
734f622f-ab85-48d6-b264-17e33d0f293f,Isabela Macedo,manuela38@example.org,172.400.504-55,(041) 7359 7746,Castro do Oeste,SE,2025-03-18 11:06:46,2025-03-18 11:06:46
3081bf0f-06a2-4035-b86f-d2c9dd6eb5f3,Cecilia da Cunha,ramosmaria-luisa@example.com,238.692.221-96,81 1814-1247,Lopes,AP,2025-12-01 12:35:01,2025-12-01 12:35:01
d7543a31-7cbc-4f49-864f-fc50e17caf42,Rael Ferreira,leaocaue@example.com,792.374.740-74,21 5361-5305,Silva,RS,2025-07-07 01:23:33,2025-07-07 01:23:33
ed184119-c0f8-4681-9ac8-937fb4702bfe,Sr. Davi Miguel Andrade,maria-julia27@example.com,175.946.474-36,0800-010-4328,Camargo da Mata,ES,2025-05-03 16:52:44,2025-05-03 16:52:44
c9859457-3742-4eab-9625-cf6b519e3a7c,Davi Aragão,larissaporto@example.net,136.959.440-64,(051) 1179-8089,Silva,BA,2026-01-11 07:39:04,2026-01-11 07:39:04
ee2ff6d9-034d-4b09-8bf8-3fed62a11b31,Paulo Abreu,rodrigo96@example.org,909.743.953-39,+55 21 8518 8888,Gomes,PR,2025-01-07 06:57:25,2025-01-07 06:57:25
3954e7e4-bb70-409a-aa29-1fbef005d2ff,Mathias Freitas,arthur-gabriel51@example.com,210.470.952-14,+55 41 1952-0585,Vasconcelos,RO,2025-07-14 16:01:19,2025-07-14 16:01:19
4ec9e4a1-32d9-45bb-b49f-fbca8217e2f9,Pietra Pires,joao-gabrielazevedo@example.net,623.285.884-24,(051) 0430-3054,Nogueira do Amparo,GO,2025-09-11 18:29:09,2025-09-11 18:29:09
0e99ecd3-a751-4fbf-ab03-eef777a5480c,Gabriel da Paz,calebe54@example.org,451.712.368-51,31 6676 5277,Moreira Paulista,SE,2026-01-10 06:17:40,2026-01-10 06:17:40
30f51293-9122-4dc3-8807-6dfd69473818,Otávio Barros,lpereira@example.net,048.175.496-51,(021) 5115 4479,Cavalcante dos Dourados,MS,2025-11-03 11:24:10,2025-11-03 11:24:10
aebb31f5-b61c-4b45-8faf-ab209707cbde,Ana Cecília Siqueira,luara40@example.org,709.859.317-46,71 5820 2970,Azevedo,ES,2025-07-01 14:45:22,2025-07-01 14:45:22
24935776-8833-4592-981f-69223223fcad,Maria Clara Fonseca,cnunes@example.net,200.471.138-26,+55 (021) 7557-1928,Gonçalves Alegre,RS,2025-04-01 14:59:49,2025-04-01 14:59:49
a47e5059-c7b6-4148-b5bb-571ba4f8c17c,Josué Camargo,sousamarcelo@example.com,586.926.179-64,41 6814-4739,Sales do Amparo,DF,2025-12-19 08:31:57,2025-12-19 08:31:57
6cc83f40-cbf2-49d0-8e84-4e61ce8bdf69,Davi Luiz Barbosa,tcavalcanti@example.com,537.735.158-50,+55 31 5518 8442,Vieira,MS,2025-01-26 09:52:32,2025-01-26 09:52:32
783d3bba-9f6b-4a77-906a-a2dc1b3a659a,Heloisa Campos,joao-lucasda-costa@example.com,431.713.900-53,+55 (041) 5895 7829,Azevedo,MA,2025-11-06 05:51:39,2025-11-06 05:51:39
75501f47-dbba-4e48-ba69-ca5f33394c53,Pietra Moura,avargas@example.net,931.839.335-29,+55 11 2517 7852,Vargas,BA,2025-04-08 19:23:28,2025-04-08 19:23:28
b7348f19-53f3-44bd-b311-afc7b8043c82,Sarah Araújo,moreiraleandro@example.com,422.842.102-05,+55 (041) 2535-8414,Porto,PI,2025-01-03 04:51:30,2025-01-03 04:51:30
efd38fe4-fb77-4bf1-bf70-340be7c48d5d,Davi Lucas Pires,sophie18@example.net,950.240.268-11,+55 (041) 9922-9959,Alves,AP,2025-07-04 19:21:59,2025-07-04 19:21:59
ab798a52-f77f-4d7c-bb17-6638b4990633,João Rezende,larapinto@example.net,758.917.839-08,+55 (041) 7844 7364,Barbosa de Sales,AL,2026-01-05 21:52:05,2026-01-05 21:52:05
b9a8a35a-42aa-478e-a938-5d5f32c31e13,Pedro Lucas Leão,nmartins@example.com,700.766.177-11,0500-255-5625,Dias,ES,2025-08-23 06:47:48,2025-08-23 06:47:48
a9d562de-90ce-435f-a2f8-aa2963dc1402,Camila da Mata,jda-cruz@example.org,921.249.985-69,+55 (071) 4696 3259,Correia da Serra,PR,2025-09-08 04:35:58,2025-09-08 04:35:58
9133c856-f01a-4f63-9e39-bd71b2418242,Nina Monteiro,maysa01@example.com,789.611.836-73,21 7339-5004,Peixoto de Rezende,RO,2025-08-18 01:17:32,2025-08-18 01:17:32
66cc9390-c529-4896-99f6-1dd4d65a41b4,Laura Nascimento,caldeiralorena@example.org,576.615.654-52,+55 71 5650-6098,Fonseca,PI,2025-11-18 10:02:38,2025-11-18 10:02:38
d46c6368-cf7a-4469-9afb-8a614f992373,Brayan Gomes,jteixeira@example.com,111.161.528-09,0900-912-1655,Sá Grande,DF,2026-01-04 08:59:39,2026-01-04 08:59:39
afaf21a3-4840-4402-a227-3340ff7e2067,Sophia Guerra,aparecidabreno@example.org,165.604.945-19,(071) 7872 9825,Castro das Flores,RN,2025-09-14 01:02:47,2025-09-14 01:02:47
863f4e3d-f437-4157-996a-8cca203286bc,Sra. Maitê Montenegro,ksantos@example.com,273.158.514-93,(071) 0551-6940,da Luz de Rezende,SE,2025-06-15 05:44:19,2025-06-15 05:44:19
104396c1-6f08-44fc-932e-a66c704c0878,Heloísa Silveira,pachecomaria-luiza@example.org,899.809.402-44,51 9623 0913,Macedo,MT,2025-11-30 07:14:06,2025-11-30 07:14:06
522ed611-99ab-436a-84b5-37e12822f165,Clarice Jesus,julianamontenegro@example.net,502.296.120-18,(071) 0283-8578,Dias da Serra,PB,2025-09-21 22:47:26,2025-09-21 22:47:26
e1de9e13-940e-4b8c-9655-b4f3883b7f09,Manuela Nogueira,vinicius97@example.org,667.525.459-91,+55 51 4843 4437,Mendes da Praia,PI,2025-06-17 02:22:03,2025-06-17 02:22:03
6b5ab3f2-0763-4e57-8b26-32750c184665,Sra. Laura Campos,wgoncalves@example.org,229.014.767-97,(021) 0415 7473,Nascimento,GO,2025-02-10 20:41:58,2025-02-10 20:41:58
aab6b5b8-83cd-41c3-853e-3d903a0a6adb,Júlia Carvalho,pimentarhavi@example.org,438.156.149-78,+55 (071) 8330 1657,Rodrigues,SP,2025-11-18 16:56:40,2025-11-18 16:56:40
8ea45e21-5596-475e-9ac7-ca060e1821f9,André Novaes,joanarezende@example.com,036.900.343-24,(081) 3454-0193,Cavalcanti,PA,2025-08-28 13:21:15,2025-08-28 13:21:15
85240e9c-7389-4652-9a30-35b52b5c5b1a,Arthur Miguel Gonçalves,vcirino@example.com,510.762.268-38,+55 (051) 0499 1547,Carvalho de Montenegro,PB,2025-08-13 19:41:08,2025-08-13 19:41:08
fc3dc48b-b4df-4b79-b98c-6eb8274fbf02,Gael Camargo,luan74@example.net,160.607.159-69,+55 (061) 0549-3296,Moraes Alegre,AP,2025-10-03 02:09:16,2025-10-03 02:09:16
1e14728f-0a78-4719-89c3-b9b19e0e0f50,Aylla Cirino,maria-lizduarte@example.org,641.605.297-51,+55 (011) 4637 4549,da Luz,RS,2025-11-11 02:59:20,2025-11-11 02:59:20
449c629a-d5b4-421e-9182-f99389fe9ffb,Sr. Bento Rios,martinsana-liz@example.org,136.968.164-53,71 8414 5933,Mendes,BA,2025-12-06 04:53:51,2025-12-06 04:53:51
e579396e-eeda-4e96-b66a-076ea4c92abd,Maria Fernanda Leão,isa@example.net,218.188.355-23,+55 11 3918-7851,Araújo,TO,2025-09-16 16:50:56,2025-09-16 16:50:56
4a701e99-2dd8-49cd-95ac-1273addcf231,Sofia Costa,lucasduarte@example.net,243.292.127-79,(031) 1397-1870,Cardoso de Moraes,PA,2025-03-21 20:24:55,2025-03-21 20:24:55
5da500bb-5cd7-4b59-ab9d-4b9c8bd3c9d7,Ana Laura Novais,zrocha@example.com,995.527.177-44,+55 (031) 6403 9106,Sampaio de Minas,PI,2025-12-15 16:12:01,2025-12-15 16:12:01
0010d4a9-84be-47d7-9aae-52d6befddc6c,Bernardo Melo,da-pazjulia@example.org,581.477.005-41,+55 84 6567 6618,Rezende,MS,2025-02-13 15:07:27,2025-02-13 15:07:27
cbe5670b-e3f7-44d1-ac35-4f90d5499fd9,Felipe Nascimento,imoura@example.net,998.679.807-93,+55 21 0047-8686,da Cruz,PB,2025-03-12 03:14:55,2025-03-12 03:14:55
c8765bda-f93c-4b95-8968-6ce7c2d099ed,Sr. João Guilherme Correia,andradelarissa@example.net,978.207.151-82,+55 (031) 3311 9079,da Cruz,SC,2025-09-07 17:41:35,2025-09-07 17:41:35
a5e83630-44c9-4b81-8f35-48dd17bfa41b,Murilo Macedo,valentinacunha@example.org,377.889.255-46,+55 84 8439 5995,da Rosa,BA,2025-01-31 09:39:43,2025-01-31 09:39:43
7aac24ff-453e-4c8a-86ce-81fb77f47641,Stephany Câmara,rda-rosa@example.org,590.515.186-44,84 9268-7056,Sampaio das Pedras,PA,2025-11-14 12:00:49,2025-11-14 12:00:49
5c339615-1a25-4233-aaab-fe7e5e5c0b42,Kaique Garcia,stephanymelo@example.org,519.254.629-14,+55 21 4270-8668,Gomes,ES,2025-04-27 19:09:43,2025-04-27 19:09:43
b5cc59ad-c484-4627-8211-036cfde6f67e,Gustavo Farias,machadoester@example.org,528.168.505-42,61 3046-9901,Teixeira,RJ,2025-10-20 13:48:40,2025-10-20 13:48:40
12fc57ee-4f76-4921-aab4-383798e37950,Dra. Helena Mendes,brendada-rosa@example.org,573.322.141-88,+55 11 3173-9363,Vasconcelos da Mata,MG,2025-06-16 08:50:26,2025-06-16 08:50:26
a11bf17c-2542-4b60-bede-5632395a51f4,Yasmin Rezende,ana-liz45@example.net,592.962.229-27,11 7175-3556,Nunes,ES,2025-01-30 07:39:51,2025-01-30 07:39:51
b93a626c-abd1-439f-9f4f-c4501c554da1,Srta. Allana da Luz,jda-rocha@example.org,653.794.738-34,(071) 3693 7854,Silveira de Ramos,SC,2025-02-03 22:29:09,2025-02-03 22:29:09
f2020a2c-5b0d-4fe2-8d81-73f388f767f7,Natália Cavalcante,lucca28@example.com,359.774.688-62,+55 (061) 8080-1006,Pires,ES,2025-12-31 07:05:04,2025-12-31 07:05:04
d01d7365-d81b-40a8-9daf-2ec3cf6f7024,Dom Albuquerque,mirellamarques@example.com,924.075.818-14,+55 (081) 9977 0088,Albuquerque do Sul,PE,2025-06-05 02:38:07,2025-06-05 02:38:07
5c8a213e-849d-4cbf-81e0-5547ffb5faf3,Sra. Zoe da Paz,montenegrolorena@example.org,247.826.137-50,+55 51 1823 3984,da Mata das Flores,AP,2025-03-07 03:32:44,2025-03-07 03:32:44
86de3b6f-ea5d-4ceb-b06c-84bcdb6f0451,Dr. Raul Nunes,raelda-rosa@example.net,068.536.153-05,+55 21 0166 6870,Sampaio,CE,2025-11-19 06:14:20,2025-11-19 06:14:20
0c1bac01-5757-49ef-9ceb-8d56055589ac,Theo Lopes,gabriel80@example.org,522.047.277-90,+55 11 9740-1489,Cavalcanti,MT,2025-03-18 23:02:35,2025-03-18 23:02:35
6e7da7e0-4fbd-4220-a1ef-6de7e4e5580a,Gustavo Henrique Pastor,isabellabarbosa@example.com,043.289.861-43,+55 (031) 9396-8562,Montenegro,SC,2025-03-03 12:52:31,2025-03-03 12:52:31
ca68610b-429c-4306-94cd-40d3bbd49f20,Sr. Carlos Eduardo Lopes,domfernandes@example.net,103.697.117-98,0800-965-0477,Fogaça,PI,2025-08-22 21:51:54,2025-08-22 21:51:54
d9c30356-4847-4295-a200-362658943f0c,Marina Cirino,xbarros@example.net,893.246.095-39,(021) 3114 2626,Fonseca do Campo,AP,2025-01-13 18:22:37,2025-01-13 18:22:37
68e598c7-0bcf-45fa-bce5-7e21ec4cd534,Leandro Macedo,vitor-hugo12@example.org,218.518.888-80,+55 (061) 6788-8610,Fogaça,PI,2025-11-20 13:22:58,2025-11-20 13:22:58
eb0545f0-4048-4899-89ef-f790b80ca9e3,Luan Gomes,da-rochajulia@example.com,706.540.515-31,+55 21 8398 2622,da Rosa Paulista,PR,2025-10-31 06:35:06,2025-10-31 06:35:06
2801da5c-ea1b-4d0b-9145-3f28a901393f,Benício Cavalcante,ada-mota@example.com,205.852.772-21,(081) 1543-7993,Caldeira de Carvalho,MA,2025-09-16 06:35:46,2025-09-16 06:35:46
a6e7a7c6-b9f2-46eb-a0b4-f57ad2779e09,Miguel Farias,cfarias@example.com,043.030.548-68,(021) 9245-9375,Gonçalves,MT,2025-12-22 11:45:56,2025-12-22 11:45:56
3c60c19f-58cb-4a4c-8691-145cabd49a45,Samuel Oliveira,ayllagarcia@example.com,403.450.541-56,61 5193 9828,Siqueira,PB,2026-01-03 16:48:40,2026-01-03 16:48:40
013d2d8c-21e6-4763-af27-ffbb49a17cb7,Srta. Maysa da Rocha,vieirajulia@example.net,765.277.584-16,11 2434-2661,Peixoto de Mendes,RJ,2025-11-07 16:56:46,2025-11-07 16:56:46
